f0,f1,f10,f11,f12,f13,f14,f15,f16,f17,f18,f19,f2,f20,f21,f22,f23,f24,f25,f3,f4,f5,f6,f7,f8,f9
0,2,0,3,4,5,5,0,4,3,2,2,0,3,0,2,0,5,2,4,1,3,0,2,1,4
2,0,0,1,3,1,3,4,4,5,3,5,0,0,3,4,4,5,5,0,1,1,1,3,0,0
5,5,4,5,0,1,4,0,0,0,5,5,1,0,5,5,0,5,1,3,5,4,0,5,4,5
3,5,2,3,4,5,0,5,0,0,5,3,1,0,4,2,0,5,0,3,0,5,0,5,3,4
3,5,2,1,3,0,0,0,0,0,5,3,5,0,0,2,5,4,0,2,0,4,2,5,2,3
1,1,1,1,4,2,4,1,3,4,4,4,0,0,0,3,0,5,4,4,1,2,1,4,1,0
3,5,0,0,1,4,0,0,0,3,5,5,1,0,5,1,4,4,1,0,4,5,1,4,3,0
2,0,0,1,2,0,5,3,3,5,1,5,0,0,2,4,0,4,3,0,2,2,3,3,5,0
2,1,0,1,4,3,0,4,3,3,3,5,0,0,4,4,0,2,4,1,1,0,2,4,5,1
4,4,1,1,5,1,0,0,0,3,5,5,1,0,5,4,0,5,0,2,1,5,3,5,4,1
3,5,0,3,3,0,0,1,0,0,5,5,0,0,0,1,0,5,0,3,5,4,1,5,3,3
3,3,2,3,3,2,3,2,0,4,5,5,0,0,1,5,0,4,3,0,1,5,2,4,4,0
3,4,5,0,0,5,4,2,0,3,5,0,0,0,4,4,4,3,1,3,4,4,1,5,4,4
2,0,0,1,3,2,1,0,4,2,3,2,0,0,2,5,0,0,5,0,0,0,2,5,1,2
0,0,0,0,5,2,0,4,4,3,0,3,0,0,3,2,1,5,4,4,1,5,1,2,1,0
4,5,3,0,4,0,4,0,0,5,5,5,1,0,5,2,1,5,1,0,0,5,3,5,4,0
5,5,5,5,0,5,1,0,0,4,5,5,2,3,1,5,0,2,0,4,5,5,0,5,4,1
3,5,0,1,2,0,0,0,0,0,5,5,0,3,0,2,0,0,3,0,4,5,5,5,3,0
0,0,2,1,4,1,0,0,3,5,1,0,0,0,2,2,4,5,0,4,1,2,1,2,1,0
1,1,0,1,5,1,1,4,3,1,3,3,0,0,4,2,0,5,1,4,1,3,3,5,0,0
4,5,0,0,3,1,0,0,0,4,5,5,5,0,5,2,0,5,0,4,1,5,3,5,3,5
4,5,2,1,5,1,3,0,0,0,5,5,4,0,1,2,0,5,0,0,1,5,4,5,4,4
1,3,0,1,3,1,0,4,4,3,2,5,0,5,1,1,0,5,3,0,2,3,3,5,0,1
0,1,2,0,3,0,0,0,4,4,0,3,0,0,0,2,0,5,5,0,2,2,0,2,1,0
5,5,2,5,0,0,5,0,0,0,5,5,4,5,5,5,3,3,1,0,5,4,0,2,3,1
3,5,3,3,5,1,0,2,0,3,5,5,5,0,5,3,5,2,2,3,5,4,5,5,4,0
2,0,0,1,3,1,5,4,3,5,0,5,5,3,1,2,4,5,4,0,0,1,1,3,5,2
4,5,2,1,5,1,5,3,0,3,5,4,4,0,3,4,0,1,2,0,1,5,4,0,4,5
3,5,3,0,5,0,0,0,0,0,5,5,1,0,4,4,1,5,1,3,0,5,2,4,3,4
5,4,5,5,0,5,4,0,0,0,5,5,2,1,5,5,5,5,0,4,5,4,3,5,3,3
1,0,0,1,3,3,3,0,4,3,1,4,0,0,1,2,0,5,4,4,3,2,2,5,1,1
5,4,5,5,0,0,1,0,0,0,5,5,0,0,5,5,0,5,1,0,5,5,5,2,3,0
1,3,1,1,2,2,5,3,4,2,2,5,1,0,1,0,5,5,1,4,0,1,3,5,1,1
3,5,2,4,5,0,0,0,0,4,5,5,4,0,0,1,5,5,2,2,3,5,3,5,4,4
0,2,1,1,3,0,3,0,5,2,1,4,4,0,0,3,0,5,0,0,0,3,0,5,1,1
4,5,4,0,5,1,5,0,0,4,5,5,4,0,4,2,1,4,1,3,3,5,4,5,3,0
4,5,0,1,5,0,3,0,0,0,5,5,5,0,4,4,0,5,1,3,0,5,3,5,4,0
4,5,1,2,5,5,0,0,0,4,5,5,4,0,5,1,1,4,1,3,1,5,1,5,3,5
1,3,2,3,2,2,3,0,3,0,3,2,0,0,0,2,0,5,5,0,2,2,3,4,1,2
3,5,3,4,4,0,0,5,0,0,5,5,4,0,4,2,5,4,0,0,3,5,1,5,4,4
4,4,1,3,3,1,0,0,0,4,5,5,0,3,4,1,0,5,0,1,1,5,3,5,3,4
1,2,2,1,3,1,0,4,3,2,3,4,4,1,4,2,1,5,4,4,2,1,3,5,1,1
4,4,0,0,5,1,0,5,0,4,5,0,4,0,0,1,0,5,1,2,1,5,1,5,4,1
1,3,0,1,3,0,1,4,3,3,4,4,0,0,2,2,0,5,5,0,2,3,2,4,1,2
5,5,5,5,0,0,0,0,0,0,5,5,2,0,5,5,5,1,2,0,5,5,3,5,4,5
0,0,1,1,4,2,1,1,5,4,0,5,4,1,2,2,0,5,5,0,0,3,1,2,1,4
0,0,0,0,5,0,3,1,4,0,3,3,0,0,5,2,0,5,5,0,1,3,2,2,1,4
4,4,1,2,5,2,1,2,0,0,5,5,0,0,5,3,0,5,1,3,0,5,2,4,3,4
2,0,1,1,4,5,3,3,3,3,3,5,4,3,1,3,0,5,4,0,1,0,1,5,5,3
1,3,3,1,2,3,1,0,3,2,3,5,1,0,2,2,0,5,3,4,2,3,3,4,1,0
2,0,0,1,4,3,0,4,3,5,1,5,5,0,0,1,1,5,5,0,0,1,3,2,0,2
0,0,2,1,4,1,5,0,4,3,3,0,0,0,0,1,0,5,4,0,1,2,0,2,1,0
5,5,5,5,0,1,0,2,0,3,5,5,1,1,5,5,0,5,0,2,5,5,1,0,4,1
4,5,2,0,4,5,3,0,0,2,5,5,5,0,0,4,1,1,2,0,1,5,3,5,4,4
0,0,2,1,4,1,0,0,5,1,0,4,4,0,3,2,0,5,4,4,1,2,0,4,1,0
0,2,0,0,3,2,0,1,5,4,1,5,0,0,4,3,0,5,2,0,1,2,1,4,1,0
2,1,0,0,3,3,1,4,4,2,0,4,4,0,0,3,0,4,3,4,1,0,3,3,5,2
3,5,3,5,0,5,0,0,0,0,5,5,5,2,4,3,1,5,3,0,0,5,1,5,3,0
4,4,3,3,4,1,5,0,0,1,5,5,1,1,5,2,0,4,2,1,2,5,3,5,3,2
5,5,5,5,0,0,0,4,0,3,5,5,0,0,4,5,1,5,1,4,5,4,1,5,3,0
5,5,2,5,0,5,0,2,0,3,5,5,2,1,4,5,0,5,0,4,5,5,0,5,3,1
3,5,3,0,3,5,1,0,0,0,5,5,5,1,5,5,4,5,3,1,5,5,5,5,4,3
1,1,2,1,2,0,3,4,2,5,4,5,4,3,2,2,5,4,5,4,1,1,3,5,1,4
1,3,1,1,1,0,1,2,4,5,0,5,0,0,2,2,4,5,5,4,1,3,3,5,1,2
0,1,0,3,3,0,0,2,4,4,1,4,4,0,4,4,0,5,2,0,1,3,0,0,1,0
1,2,1,1,4,0,4,1,4,3,0,4,1,0,5,1,0,4,5,4,1,2,3,4,1,2
4,5,0,1,3,4,3,5,0,0,5,4,0,1,5,3,5,5,0,4,1,5,3,5,3,5
3,5,3,4,5,5,0,5,0,0,5,5,1,0,4,5,1,5,1,3,4,5,5,1,3,0
5,5,4,5,0,5,1,0,0,4,5,5,5,0,5,5,0,4,1,5,5,5,0,5,4,0
5,4,5,5,0,0,3,0,0,0,5,5,2,1,1,5,1,5,1,2,5,4,5,5,3,4
2,0,2,1,3,0,4,4,3,5,0,5,4,3,3,5,1,5,3,0,0,2,0,3,5,1
0,2,0,0,4,3,0,4,3,5,0,3,0,0,4,4,0,0,1,1,1,3,0,1,1,0
4,5,0,0,5,5,5,2,0,0,5,5,0,0,5,3,0,5,1,3,1,5,1,5,3,5
4,5,0,1,5,2,0,5,0,4,5,5,2,0,5,2,0,5,1,3,1,5,3,4,4,4
2,0,2,1,3,1,0,0,4,3,1,3,4,0,3,4,0,5,3,0,0,0,1,0,5,1
5,5,5,2,0,3,3,5,0,0,5,5,2,2,4,5,0,5,1,4,5,5,2,5,4,5
1,1,2,1,1,1,0,1,3,5,2,5,4,3,1,1,0,5,4,0,3,2,3,4,1,4
4,5,0,1,3,4,3,0,0,0,5,5,4,0,0,3,0,5,1,3,2,5,4,5,3,0
2,0,1,0,4,0,0,0,3,5,0,3,4,0,3,4,4,5,5,1,0,4,1,5,0,2
1,3,1,1,3,1,4,0,3,5,2,1,5,1,0,2,0,5,3,4,1,2,1,5,0,1
4,5,1,0,4,3,3,0,0,0,5,5,0,0,5,3,1,5,1,3,3,5,3,5,3,5
1,3,1,2,3,3,0,4,3,4,3,5,0,0,0,1,1,5,3,0,3,2,3,4,0,0
2,1,2,1,4,2,0,3,3,5,3,2,0,0,5,3,0,5,2,4,0,2,0,5,5,2
0,0,1,1,3,1,0,0,3,4,2,4,0,1,0,4,0,5,0,0,1,3,1,2,0,1
0,0,2,1,4,0,3,1,5,3,1,4,0,0,3,2,4,5,2,4,1,2,5,2,1,0
0,0,1,0,5,3,0,1,4,3,0,1,1,1,1,4,0,5,1,0,1,2,1,2,1,1
5,4,5,5,0,0,0,0,0,0,5,4,1,2,5,5,5,5,0,0,5,5,2,0,4,5
4,4,2,0,5,0,1,5,0,4,5,5,4,0,4,2,0,5,0,4,0,5,2,5,3,5
0,2,2,3,3,1,0,0,4,4,2,3,1,0,5,3,4,5,4,0,1,3,1,2,1,4
4,4,1,1,5,0,0,5,0,3,5,5,4,0,5,2,0,5,4,0,1,5,1,5,3,4
5,5,3,5,0,0,4,0,0,4,5,5,3,0,4,5,0,5,0,3,3,5,0,5,3,4
5,5,3,5,0,5,0,5,0,3,5,5,1,0,2,5,1,5,1,0,5,5,0,5,3,0
0,1,0,0,4,5,0,0,5,3,0,3,0,0,5,4,4,5,2,4,1,3,5,0,2,0
1,1,1,2,3,5,5,4,4,1,3,5,4,0,2,2,0,5,5,0,1,2,3,5,1,1
3,5,0,5,3,0,0,0,0,0,5,5,0,0,4,4,1,5,1,0,3,5,4,4,2,2
5,5,4,5,0,5,0,1,0,3,5,5,5,1,5,5,0,5,0,4,5,5,3,5,3,0
3,5,5,0,5,5,0,2,0,0,5,5,2,0,4,5,4,5,0,0,5,5,3,5,4,4
5,5,5,5,0,0,5,1,0,1,5,5,1,2,5,5,0,1,0,0,5,4,0,5,3,4
3,4,4,3,0,0,0,0,0,0,5,5,1,1,0,3,5,5,1,1,4,5,3,5,3,1
5,5,2,5,0,2,4,3,0,0,5,5,1,0,1,5,5,5,1,4,5,5,1,0,4,3
5,4,5,5,0,2,0,5,0,3,5,4,0,0,4,5,1,1,0,4,5,5,3,5,4,0
1,2,0,2,2,3,5,4,2,1,0,3,2,1,1,2,0,5,3,5,2,2,2,4,1,2
5,5,5,5,0,0,0,5,0,0,5,2,2,1,4,5,0,5,1,4,5,5,0,5,3,0
0,0,0,0,2,5,0,3,3,0,1,4,4,0,4,4,4,5,5,0,2,3,0,2,1,4
3,5,2,3,2,1,0,0,0,0,5,5,0,0,4,5,1,3,2,1,4,5,1,5,3,1
5,5,5,5,0,1,1,0,0,0,5,5,3,1,3,5,1,5,1,2,5,4,5,5,3,0
2,0,0,1,3,0,5,4,4,5,0,0,1,0,0,2,0,5,5,0,1,1,1,0,1,2
2,1,2,0,3,4,5,5,5,4,3,0,1,0,3,2,4,5,3,0,0,0,1,2,5,2
4,4,0,0,5,4,1,2,0,0,5,5,1,0,3,4,1,5,1,0,1,5,1,5,4,4
2,2,2,0,3,1,0,3,4,3,0,5,4,3,2,2,4,5,5,0,1,2,0,2,5,2
4,5,1,0,5,1,3,0,0,0,5,5,0,0,5,3,0,5,0,0,1,5,0,5,3,5
0,0,0,1,4,0,0,0,3,4,0,4,1,0,1,3,0,3,3,4,2,2,0,2,1,1
5,4,1,2,0,5,0,0,0,3,5,5,1,0,5,5,0,5,0,2,5,5,3,1,4,0
1,1,1,1,3,1,4,3,4,3,1,5,0,3,2,3,0,4,5,4,3,2,2,5,5,2
4,5,2,1,4,1,0,0,0,4,5,3,0,4,5,3,1,5,0,1,3,5,5,5,3,0
0,0,0,1,4,5,1,0,5,4,4,0,0,0,5,4,0,5,0,4,4,3,0,2,1,4
2,0,1,0,3,2,0,4,3,5,0,4,4,0,3,4,5,5,2,0,0,1,3,3,5,1
0,1,2,0,5,2,3,0,4,2,3,0,4,0,0,3,0,0,2,4,1,3,0,3,1,1
5,5,5,5,0,0,0,5,0,0,5,5,0,2,0,5,4,5,5,0,0,5,3,5,3,1
4,4,2,0,5,4,5,0,0,3,5,5,4,3,4,2,0,5,1,0,0,5,4,5,4,0
5,5,5,5,0,4,0,5,0,0,5,5,1,2,5,5,5,1,1,2,5,5,1,5,3,2
1,3,1,1,2,1,1,3,3,3,1,5,0,3,2,2,1,5,5,1,2,2,3,5,0,0
1,1,0,1,3,1,3,1,3,2,3,5,4,0,2,3,5,5,5,0,1,2,3,5,1,0
0,0,0,1,3,2,0,0,4,2,2,0,2,1,2,2,0,0,2,0,1,2,2,2,1,1
5,5,5,5,0,5,0,5,0,0,5,5,5,1,1,5,5,5,0,3,5,4,1,5,2,0
5,4,4,5,0,2,0,0,0,0,5,5,0,0,5,5,5,5,1,4,5,5,2,5,3,5
4,4,0,3,5,5,5,0,0,0,5,5,0,0,4,1,1,1,1,0,3,5,3,4,4,0
0,0,2,0,4,2,1,1,4,0,0,4,1,0,1,4,0,5,3,0,1,3,0,1,1,0
4,5,2,1,3,1,5,1,0,1,5,5,0,2,5,5,0,4,2,2,1,5,4,4,4,4
2,5,0,0,4,0,0,3,3,5,0,0,4,0,3,4,4,5,3,0,1,0,2,3,5,3
4,5,4,1,5,1,4,0,0,0,5,5,5,0,4,5,0,5,0,3,1,5,1,5,3,0
0,1,0,1,3,1,3,4,4,0,3,3,0,0,1,4,0,5,1,0,1,2,1,2,1,0
0,0,0,1,4,5,4,1,4,3,0,3,1,0,2,2,4,5,1,0,1,2,1,2,1,0
1,3,0,1,1,2,1,4,3,3,3,4,0,0,0,2,0,5,4,4,1,2,1,0,1,1
4,5,2,0,5,1,0,0,0,3,5,5,4,0,5,2,0,1,0,2,0,4,5,5,3,5
4,5,2,3,5,2,0,0,0,3,5,5,0,0,5,4,0,5,0,1,2,5,5,5,4,0
4,5,0,1,5,4,0,0,0,2,5,5,0,3,5,2,4,1,0,1,2,5,0,4,3,4
1,3,1,3,2,3,3,4,4,1,1,5,4,0,2,2,0,5,0,4,1,1,3,5,1,1
0,2,2,1,4,1,3,0,4,4,0,5,1,0,3,3,0,5,1,4,1,2,3,2,1,0
0,0,0,0,3,0,5,4,4,1,0,0,1,0,4,3,0,5,0,0,1,3,1,4,1,1
4,5,2,0,5,4,5,0,0,1,5,5,5,0,5,5,0,3,1,2,2,5,1,5,4,4
4,5,2,3,3,5,0,3,0,5,5,0,1,0,5,2,4,2,0,3,1,5,3,4,3,1
2,1,1,0,3,0,5,4,4,2,0,5,0,0,3,4,0,1,0,1,0,3,2,0,0,2
3,5,0,3,5,5,1,0,0,0,5,5,0,0,5,2,5,5,0,2,0,5,5,5,4,1
5,5,5,5,0,3,0,0,0,0,5,5,0,2,1,5,4,2,1,0,5,5,3,5,3,5
3,5,2,5,3,5,0,0,0,0,5,3,4,0,0,3,0,5,3,3,5,4,5,5,3,5
4,5,0,0,2,1,4,0,0,3,5,5,3,0,5,3,0,4,1,0,1,5,3,5,3,4
2,1,0,1,4,0,1,4,3,5,0,5,4,0,0,2,1,5,5,0,1,0,3,0,1,2
4,5,2,0,4,1,3,0,0,4,5,5,4,0,4,1,0,5,1,4,0,5,3,5,3,2
3,4,3,0,3,5,1,2,0,0,5,5,5,0,5,1,5,4,1,4,4,5,4,5,3,1
2,0,0,0,3,1,3,4,3,3,0,5,4,0,4,4,0,5,4,4,0,0,0,3,5,1
3,5,1,0,0,0,0,0,0,2,5,5,4,0,2,1,2,5,1,5,5,5,3,5,3,3
0,0,0,1,4,0,0,0,5,3,0,0,0,0,3,2,0,5,0,4,1,2,0,2,1,0
1,3,2,1,2,0,0,0,2,0,3,4,5,0,0,1,4,5,5,4,1,3,3,5,1,1
3,4,5,0,3,5,1,5,0,4,5,5,5,3,4,3,1,1,1,2,1,5,3,5,4,0
5,5,2,5,0,0,1,2,0,0,5,5,1,0,5,5,1,5,1,4,5,5,3,5,3,5
5,5,5,5,0,4,0,0,0,5,5,5,3,0,0,5,0,5,1,2,5,5,0,5,3,5
4,4,0,0,4,0,5,0,0,0,5,5,5,3,5,2,4,5,4,3,1,5,1,5,3,5
5,5,4,3,0,0,1,1,0,0,5,5,3,0,5,5,4,5,0,3,5,5,1,0,3,4
2,0,1,0,5,2,5,4,4,4,1,0,0,3,4,3,0,5,5,0,1,1,1,0,5,1
0,1,2,1,5,0,5,0,3,2,2,3,1,0,2,1,1,5,1,4,1,2,0,2,1,0
1,2,1,2,1,3,4,2,3,5,3,5,0,0,3,2,0,5,5,4,1,0,2,4,1,1
1,0,0,1,3,4,3,4,4,3,5,5,0,0,2,2,1,5,3,4,2,1,3,5,1,0
1,2,0,2,3,0,0,2,3,2,3,4,0,0,2,3,0,5,4,0,2,2,1,4,1,2
1,3,2,2,2,3,5,2,4,3,3,3,1,0,3,3,0,5,2,4,1,0,4,5,1,1
1,4,1,0,1,1,0,2,3,2,3,4,4,5,3,2,0,5,3,4,2,2,3,5,1,2
5,5,5,5,0,1,0,2,0,3,5,5,0,0,4,5,4,3,1,0,5,5,1,4,4,0
2,0,0,0,5,2,0,2,4,1,1,5,4,0,3,5,4,4,5,0,1,1,1,5,5,1
4,5,2,0,4,1,0,2,0,0,5,5,4,0,5,1,0,5,1,2,2,5,1,5,4,0
4,5,2,0,5,2,0,0,0,4,5,5,0,0,4,4,0,5,1,0,0,5,3,5,3,5
5,5,5,5,0,0,1,0,0,0,5,5,5,0,5,5,0,5,1,1,5,4,5,5,3,5
3,5,2,0,4,0,1,2,0,0,5,5,0,0,3,5,1,3,1,3,4,5,5,5,3,4
2,0,2,0,3,0,1,4,4,3,0,3,1,0,1,1,0,5,3,0,0,1,0,3,5,2
0,2,2,0,3,0,3,0,4,0,1,4,0,0,4,4,0,5,4,4,2,2,0,2,1,0
1,1,2,1,2,0,0,3,4,3,3,4,4,1,2,0,2,5,5,0,3,3,3,5,1,2
5,4,2,5,0,0,4,0,0,0,5,5,0,3,4,5,1,2,0,1,5,4,4,5,3,1
2,2,0,0,4,3,5,0,3,5,0,5,0,0,1,1,0,5,3,0,0,1,1,4,5,1
1,1,0,1,0,2,0,4,4,5,3,5,5,0,1,1,1,5,5,4,3,1,3,5,1,0
2,0,2,0,4,3,0,4,4,5,0,5,0,3,2,3,0,5,4,0,1,0,1,4,5,1
3,5,3,0,5,5,0,5,0,0,5,5,1,0,5,2,4,5,2,3,0,5,3,4,4,4
3,4,2,4,5,0,5,2,0,0,5,5,1,0,4,0,0,2,1,0,0,5,0,5,3,3
0,0,0,0,4,1,1,0,4,1,0,3,1,0,3,2,0,5,0,4,1,3,1,3,1,0
3,5,0,0,5,5,0,0,0,3,5,5,4,0,0,0,5,3,1,2,0,5,0,5,4,1
4,5,2,0,5,2,1,0,0,4,5,5,5,0,4,4,4,4,0,3,0,5,0,5,3,0
1,3,2,1,3,1,5,1,2,5,1,5,1,1,2,1,0,5,4,4,1,2,1,4,0,0
4,4,2,1,5,1,5,2,0,0,3,5,0,3,4,2,0,4,2,0,0,5,5,4,4,4
0,1,2,0,3,0,0,0,5,2,3,0,0,0,0,2,0,5,2,4,0,1,0,4,1,0
4,5,1,0,5,0,3,0,0,0,5,5,0,0,4,1,0,5,0,0,1,5,5,5,3,5
5,5,5,5,0,0,0,0,0,0,5,5,2,1,4,5,0,5,0,0,5,4,0,2,3,4
4,5,2,0,5,1,0,2,0,0,5,4,4,0,0,2,0,5,1,0,2,5,4,4,4,5
5,5,5,4,0,5,0,3,0,3,5,4,4,2,4,5,0,2,1,3,5,5,3,5,4,4
3,5,2,3,0,5,0,2,0,0,5,5,4,0,1,3,0,5,1,0,4,5,1,5,4,4
4,5,0,0,2,3,4,2,0,1,5,5,0,0,5,3,4,2,3,3,1,5,3,4,4,4
3,5,0,4,2,5,0,2,0,0,5,5,0,3,5,1,5,3,0,2,0,5,1,0,3,4
0,2,2,1,3,5,3,0,3,5,0,0,4,3,0,2,0,5,1,0,2,2,1,4,1,4
4,5,0,1,4,0,3,0,0,0,5,5,1,0,4,4,0,5,5,3,1,5,3,5,3,4
1,3,0,1,4,0,4,3,3,1,5,4,0,0,1,0,2,5,2,4,1,2,2,4,1,1
3,5,1,5,0,5,0,0,0,0,5,5,5,0,0,5,1,4,2,2,4,4,3,5,3,0
3,5,3,5,0,5,0,2,0,3,5,5,5,1,0,0,5,0,0,0,4,4,1,5,3,0
1,0,1,1,2,1,3,0,4,5,3,5,1,0,1,3,1,4,5,4,2,2,1,4,1,1
3,5,3,4,5,0,0,0,0,0,5,5,4,0,5,2,1,5,1,2,3,5,3,5,4,2
1,3,0,1,3,2,3,4,3,5,3,5,4,0,3,3,0,5,3,4,4,1,4,5,0,1
4,5,0,1,3,3,0,0,0,0,5,5,4,0,0,2,0,4,2,0,1,5,4,5,3,4
3,5,4,0,0,5,0,0,0,0,5,4,0,0,0,4,5,5,1,2,0,5,0,5,3,4
4,5,1,0,5,2,1,0,0,0,5,5,0,3,5,4,0,5,0,1,1,5,1,5,3,0
4,4,2,1,5,1,5,0,0,0,5,5,1,3,4,3,5,5,0,4,2,5,1,5,3,1
4,5,2,0,5,5,0,0,0,0,5,5,4,0,0,4,4,4,2,3,1,5,1,5,3,4
2,0,0,3,3,0,5,4,3,5,0,2,1,0,4,2,0,5,5,0,1,0,1,2,5,2
0,0,2,1,4,0,0,4,4,2,1,5,0,0,0,2,0,5,0,4,2,2,0,2,1,1
3,5,2,3,4,5,0,0,0,4,5,5,1,0,4,4,0,5,0,1,0,5,3,5,3,2
1,2,0,1,2,1,0,4,4,3,1,5,1,1,4,2,2,4,5,4,2,2,3,5,1,2
2,0,1,0,3,4,4,4,4,3,1,2,5,0,2,4,0,5,5,0,0,2,1,3,5,1
2,0,2,0,3,0,1,0,4,5,1,5,0,0,1,3,0,5,2,4,1,1,0,3,0,3
3,5,3,4,1,5,3,0,0,3,5,5,1,1,4,2,0,5,0,3,0,5,1,5,4,0
5,5,5,5,0,5,0,0,0,0,5,5,1,1,4,5,5,5,2,0,5,1,0,5,3,5
0,0,2,0,5,5,1,4,5,1,2,3,1,0,2,2,4,5,0,4,2,2,1,2,1,0
5,4,5,5,0,2,0,5,0,0,5,5,1,2,4,5,0,5,5,2,5,5,0,3,4,5
5,5,3,5,0,1,4,0,0,4,5,5,3,0,2,5,0,5,1,2,5,4,5,0,3,5
5,5,5,2,0,1,0,5,0,3,5,5,2,0,5,5,5,1,1,0,4,4,5,5,3,4
5,5,5,5,0,4,0,0,0,3,5,5,1,3,0,5,0,5,1,3,5,5,0,5,3,5
2,4,3,1,3,2,3,0,3,3,3,1,1,0,3,2,0,5,5,0,1,2,1,0,5,1
2,1,2,0,3,0,0,3,3,5,0,0,5,0,3,2,0,5,3,0,1,0,1,3,5,2
2,0,2,3,3,3,0,4,3,4,0,5,4,0,0,2,0,5,4,0,0,1,0,2,5,2
3,5,2,4,5,0,4,5,0,3,5,5,5,0,4,3,0,5,1,2,0,5,3,5,4,5
0,1,0,0,5,1,3,0,3,0,0,3,2,0,4,4,0,5,0,4,1,2,1,3,1,1
1,1,0,3,3,2,0,3,3,2,3,5,0,0,4,2,0,5,4,4,1,1,1,4,1,1
3,4,2,0,5,0,0,2,0,0,5,5,0,3,1,3,5,5,0,5,4,5,0,5,3,1
1,1,0,2,2,1,1,4,4,3,3,5,5,0,1,1,0,5,3,4,1,1,3,5,1,0
3,5,3,0,3,5,0,0,0,0,5,5,0,0,3,5,0,5,1,2,5,5,0,5,4,2
3,5,3,4,5,0,1,0,0,0,5,5,0,0,4,4,0,5,1,0,4,5,5,4,4,3
2,0,0,1,2,0,0,3,4,5,1,5,4,0,0,2,0,5,4,0,1,0,1,5,5,2
5,5,2,5,0,0,0,0,0,3,5,5,1,1,5,5,5,5,1,2,5,5,2,5,1,0
4,4,2,1,4,2,5,0,0,2,5,2,5,0,0,5,0,4,2,2,2,4,3,5,3,4
0,0,1,1,4,2,0,4,3,4,3,5,4,0,0,3,0,5,5,0,2,3,0,3,0,1
1,1,0,1,2,2,0,4,0,0,3,4,5,0,0,0,4,5,4,4,1,2,1,4,2,1
1,3,2,1,2,0,5,4,3,5,3,5,0,1,2,2,0,5,5,4,2,2,1,5,0,1
5,5,3,5,0,1,0,0,0,0,5,5,3,0,4,5,5,5,0,2,5,5,1,5,3,0
5,4,5,5,0,3,0,0,0,0,5,5,0,0,4,5,1,5,1,2,3,5,0,5,4,0
0,0,0,1,3,0,0,0,3,1,0,4,1,0,2,2,0,2,0,0,1,2,1,2,2,0
4,5,1,3,3,4,3,0,0,0,5,5,1,0,2,2,0,5,1,1,2,5,4,1,3,4
0,2,2,1,3,3,0,0,2,4,0,1,4,0,4,3,0,5,5,4,1,3,2,3,2,0
1,2,0,1,3,1,1,4,4,2,3,5,4,0,0,2,1,5,3,4,1,2,2,4,1,1
3,5,2,4,3,0,0,0,0,3,5,5,5,3,0,2,5,0,1,0,4,5,5,5,4,1
0,0,0,1,4,1,5,1,4,1,3,0,4,0,2,2,0,5,2,4,1,2,0,2,1,0
2,0,2,0,3,3,0,4,3,4,0,0,4,0,2,2,0,5,1,0,1,0,3,3,5,2
3,5,3,0,2,5,0,0,0,0,5,5,0,5,4,1,5,4,1,2,0,5,1,5,4,0
4,4,0,0,3,1,0,0,0,4,5,2,5,3,5,2,4,5,1,4,0,5,3,4,3,1
3,5,1,4,5,5,0,0,0,0,5,5,0,1,4,4,0,4,0,4,4,5,2,5,3,0
5,4,5,5,0,3,0,0,0,0,5,5,2,0,4,5,0,1,4,5,5,4,3,5,4,4
2,0,0,1,3,2,1,4,3,2,0,5,4,0,1,4,4,5,4,0,1,1,2,5,1,0
4,5,2,1,5,2,3,1,0,0,5,5,5,0,5,2,1,5,1,3,2,5,3,5,3,5
5,5,5,5,0,1,4,1,2,0,5,4,0,0,3,5,5,2,5,0,5,5,1,5,3,5
5,5,5,5,0,5,0,0,0,0,5,5,1,1,4,5,5,5,5,4,5,5,1,5,3,1
5,5,5,5,0,1,0,5,4,0,5,5,0,5,5,5,5,5,1,0,5,4,1,5,3,1
3,5,0,3,0,5,0,1,0,0,5,5,1,0,0,0,0,2,0,0,4,5,3,5,4,5
5,5,4,4,0,3,0,0,0,4,5,5,0,2,0,5,0,5,2,1,5,4,3,5,4,5
3,4,3,0,0,0,0,0,0,0,5,3,5,4,5,0,5,2,2,0,5,4,1,5,3,1
3,5,2,0,3,1,0,0,0,1,5,5,1,0,5,5,0,5,4,0,4,5,1,5,4,1
3,5,2,3,2,0,0,5,0,0,5,5,4,1,5,1,0,5,0,4,5,5,3,4,4,4
0,0,2,1,3,0,0,0,3,0,3,4,0,0,2,4,0,4,2,2,2,2,0,2,1,0
0,0,0,0,5,2,0,5,3,5,1,5,1,0,3,2,1,2,5,4,1,2,1,2,2,4
1,2,2,1,3,1,3,4,4,5,5,5,0,0,2,2,1,5,3,4,1,2,1,5,1,2
2,5,0,1,3,2,0,4,3,4,0,5,0,0,3,4,4,5,3,0,1,1,1,2,0,2
3,5,3,3,4,0,0,0,0,3,5,5,5,0,4,1,1,5,1,2,4,5,1,5,3,4
4,5,2,0,2,1,4,0,0,0,5,5,0,0,0,2,0,5,0,0,1,5,2,4,3,1
0,0,2,1,3,0,0,1,4,1,1,4,0,0,3,2,0,4,4,4,1,3,1,2,2,2
1,1,2,2,3,0,0,4,3,3,1,5,0,0,0,2,1,5,5,4,1,2,3,5,1,1
4,4,0,0,4,3,0,0,0,1,5,5,5,0,5,2,5,4,1,4,0,5,1,4,3,5
4,5,2,1,5,1,3,0,0,4,5,5,4,0,0,2,1,5,1,3,1,5,1,5,3,0
5,5,5,5,0,5,0,0,0,0,5,5,5,1,1,5,5,5,1,0,5,5,0,5,4,1
5,5,3,5,3,5,1,0,0,0,5,5,0,2,5,5,0,5,3,2,5,5,0,5,3,0
3,5,3,0,4,5,0,0,0,0,5,5,0,0,4,1,0,5,0,0,4,5,3,5,3,4
2,1,0,0,3,3,1,4,4,4,0,5,1,0,3,1,0,4,4,1,1,2,1,2,5,2
3,5,3,3,4,5,0,0,0,3,5,5,4,0,5,0,1,5,1,1,0,5,1,5,4,4
4,5,1,0,3,1,5,5,0,3,5,5,4,3,4,2,0,4,0,1,1,5,3,5,3,5
4,4,2,1,3,0,5,0,0,5,5,5,4,0,4,4,0,4,1,2,2,5,3,5,4,0
1,0,1,1,3,3,0,1,3,5,3,5,4,0,1,2,4,5,3,4,2,2,3,4,1,1
2,0,2,0,4,0,0,4,3,3,1,5,0,0,2,4,0,1,3,0,2,0,1,4,5,2
2,0,0,3,3,1,1,4,4,5,1,5,4,3,2,5,0,5,5,0,0,0,1,2,5,2
5,5,3,5,0,0,5,0,0,0,5,5,1,0,5,5,4,1,0,3,5,5,0,5,4,1
0,0,0,1,4,3,0,1,4,2,0,4,0,0,0,2,0,5,3,0,1,2,0,2,2,0
2,0,0,1,3,2,3,3,3,0,1,5,0,0,0,1,0,5,5,0,0,1,3,4,1,1
5,3,2,5,0,5,1,0,0,3,5,5,0,0,4,5,0,5,1,2,5,4,5,0,3,5
5,4,5,0,0,0,0,0,0,0,5,5,2,0,1,5,0,5,5,0,0,5,0,5,3,4
4,5,0,1,5,1,3,2,0,5,5,5,1,0,4,3,0,5,0,0,1,5,3,4,3,4
3,5,2,4,0,0,0,0,0,0,5,4,5,2,5,5,0,5,1,3,3,5,5,0,3,0
3,5,2,4,2,5,0,5,0,0,5,5,5,0,1,0,5,5,1,3,4,5,3,2,4,1
5,5,3,5,0,5,0,0,0,4,5,5,1,5,4,5,0,5,1,4,5,4,0,4,4,4
2,0,1,0,2,3,3,4,3,2,3,5,5,0,3,5,0,5,3,0,1,0,3,2,5,1
3,5,3,5,0,5,0,0,0,0,5,5,4,3,5,4,5,5,1,2,4,5,1,5,4,1
5,5,1,5,0,0,1,3,0,3,5,5,4,4,4,5,5,0,0,4,5,5,0,5,3,5
5,5,5,3,0,1,0,1,0,0,5,5,5,1,1,5,5,5,5,2,5,5,1,5,4,3
1,3,0,3,3,2,5,0,5,1,1,4,4,0,5,1,1,5,5,4,2,2,1,5,1,1
3,5,3,0,5,5,0,0,0,0,5,5,0,0,1,5,5,1,1,0,1,5,1,5,4,5
1,3,0,1,3,0,0,4,3,3,1,5,0,0,1,3,5,5,3,4,2,2,1,4,1,1
3,5,2,3,5,0,0,0,0,0,5,5,4,4,0,1,0,2,1,4,4,5,4,4,3,3
4,5,0,3,4,4,5,0,0,5,5,5,0,0,5,1,0,4,2,2,1,5,0,0,3,1
3,5,2,0,2,0,0,0,0,3,5,5,4,0,4,1,1,1,1,4,4,5,3,5,4,2
3,5,5,3,0,0,0,0,0,0,5,5,0,0,5,3,0,1,1,0,5,5,4,5,3,1
4,5,0,0,5,3,3,0,0,0,5,5,1,0,5,2,1,2,2,3,1,4,0,0,3,5
0,1,0,1,5,0,0,0,3,2,1,5,0,0,5,4,0,5,4,2,1,2,1,2,1,0
5,5,4,5,0,5,0,5,0,0,5,5,2,5,4,5,5,1,1,0,5,5,5,5,3,4
5,5,5,5,0,3,3,5,0,0,5,5,0,2,0,5,5,5,1,0,5,5,3,5,4,4
5,5,4,5,0,5,0,0,0,0,5,5,2,0,2,5,1,5,0,0,4,5,3,0,4,1
3,5,0,5,5,5,0,2,0,3,5,5,0,0,4,1,0,5,1,0,4,5,3,1,4,1
4,4,0,1,3,2,0,1,0,3,5,5,4,0,0,4,5,5,4,2,0,5,4,5,3,4
0,2,1,3,5,1,5,0,3,0,0,3,0,0,2,4,0,4,0,4,1,3,0,0,2,4
4,4,0,1,5,4,5,0,0,2,5,5,0,0,5,1,0,2,1,0,1,5,1,5,4,0
3,5,4,0,5,0,4,0,0,0,5,5,4,0,1,2,4,5,0,5,0,5,5,5,4,0
2,1,0,1,3,1,1,3,3,2,0,4,0,0,2,4,0,5,3,0,0,0,0,5,5,1
5,5,4,5,0,0,0,5,0,4,5,5,3,0,3,5,0,5,0,0,1,4,0,5,3,5
1,1,0,1,2,3,1,2,4,3,3,4,4,4,1,0,1,5,5,0,2,2,3,5,1,4
0,2,0,0,5,0,0,1,3,0,1,0,4,0,3,1,0,5,2,4,2,2,1,2,1,0
1,2,2,1,2,1,0,0,4,5,3,5,1,0,4,1,1,5,5,5,3,2,3,5,0,1
2,1,0,0,3,0,4,4,4,4,2,2,0,0,3,3,5,5,3,0,0,0,1,5,5,2
2,0,0,1,4,1,1,0,3,5,2,5,4,0,3,1,0,5,1,4,2,0,1,5,5,2
1,2,1,1,3,3,5,4,1,4,3,5,0,0,1,0,0,5,3,4,2,2,3,4,0,1
2,1,0,1,3,0,0,4,4,5,2,0,0,3,2,2,0,5,3,0,2,1,1,2,0,2
0,0,1,0,5,0,5,4,4,5,0,4,0,0,3,4,0,2,0,0,1,2,0,1,1,0
1,0,1,1,3,4,0,5,4,3,4,4,1,0,4,3,0,5,3,4,1,3,1,4,1,2
1,3,0,1,3,0,3,4,4,3,1,5,5,4,2,3,0,5,1,0,2,2,4,5,1,0
3,5,2,5,5,4,4,0,0,0,5,5,5,1,0,4,0,5,0,3,5,4,1,5,3,1
3,5,4,4,3,0,1,0,0,3,5,5,5,0,4,4,5,5,1,3,0,5,3,5,4,1
2,1,0,0,4,0,0,3,3,4,0,2,4,3,0,3,0,5,5,0,1,0,1,0,5,3
0,3,0,0,5,5,0,0,5,3,1,3,1,0,5,3,4,5,5,4,1,3,1,0,1,1
1,3,0,1,2,1,0,1,3,0,3,4,1,0,1,2,0,5,4,4,1,2,1,5,1,0
0,0,2,1,5,1,4,1,3,3,3,3,4,0,4,3,4,5,2,4,1,2,0,5,1,0
3,5,0,5,5,1,3,0,0,0,5,5,0,0,5,1,0,5,1,2,0,4,3,5,3,4
4,5,0,0,5,0,4,1,0,3,5,5,4,0,5,3,1,4,0,2,0,5,0,4,3,5
3,5,2,3,5,1,1,2,0,3,5,5,0,3,5,0,1,5,0,0,4,5,5,5,4,0
2,0,2,0,3,1,1,4,4,2,3,5,0,4,2,1,0,3,1,1,1,0,2,3,5,1
4,5,2,1,3,1,3,0,0,0,5,5,0,3,5,2,1,5,0,5,1,5,2,5,4,1
3,4,4,3,5,1,1,0,0,0,5,5,5,3,2,2,5,5,2,2,0,5,1,5,4,4
5,5,4,5,0,0,0,0,0,0,5,5,3,5,5,5,1,5,1,0,5,5,4,5,3,0
4,4,0,0,5,2,0,2,0,0,5,2,4,3,4,4,0,3,1,0,1,5,1,4,3,0
3,4,5,3,5,0,3,0,0,0,5,5,5,0,0,3,0,5,1,1,4,5,5,5,4,4
4,5,2,1,5,0,4,1,0,3,5,5,5,0,5,2,3,5,1,1,2,5,3,2,4,5
4,5,0,0,3,1,5,0,0,4,5,5,0,0,5,5,1,1,0,3,2,5,3,2,4,1
0,1,3,0,5,5,5,1,3,5,0,3,1,1,3,2,1,4,1,0,1,1,0,2,2,1
4,4,2,2,5,1,0,0,0,0,5,5,5,0,5,4,4,5,1,0,0,5,3,5,3,4
5,4,5,5,0,3,0,3,0,0,5,5,2,0,0,5,4,5,0,0,5,3,0,5,3,5
3,5,3,5,0,5,0,0,0,0,5,5,4,0,5,2,0,5,1,2,0,5,1,5,4,0
3,5,5,0,5,1,0,0,0,0,5,5,0,0,5,1,5,5,2,2,4,5,0,5,3,4
4,4,2,0,4,5,5,0,0,4,5,5,5,0,4,3,0,4,1,2,1,5,3,5,4,5
3,5,2,3,0,0,0,5,0,3,5,5,5,5,1,2,1,5,1,0,4,5,5,5,4,1
2,0,1,1,3,2,5,4,3,4,1,3,1,0,4,3,0,5,5,0,2,0,0,2,5,1
3,5,0,0,5,4,0,0,0,0,5,5,0,0,3,4,5,5,4,2,0,5,0,5,3,1
0,0,2,1,4,0,5,0,3,0,1,2,0,0,4,2,0,5,4,4,1,3,0,1,1,0
1,3,1,1,0,5,4,4,4,2,1,5,0,3,0,2,4,5,5,4,1,2,1,5,1,2
4,4,0,1,4,0,5,0,0,3,5,5,4,0,5,4,0,2,0,0,1,5,5,5,4,4
3,5,5,3,3,3,3,2,0,0,5,4,0,1,1,5,5,5,2,2,0,5,1,5,3,2
3,4,2,4,5,0,0,0,0,0,5,5,5,3,4,2,0,0,1,0,5,5,5,5,4,5
3,5,3,3,3,5,1,0,0,0,5,5,4,2,0,5,0,5,0,0,3,5,1,5,4,1
0,1,2,0,3,0,5,1,4,1,0,0,0,0,4,2,0,5,0,4,1,2,0,2,1,0
0,2,2,0,4,0,0,0,4,2,1,2,4,0,0,4,0,2,0,4,1,2,0,2,1,0
3,5,2,3,5,0,0,0,0,0,5,5,4,1,0,5,1,4,1,4,0,5,0,5,3,1
0,1,2,1,4,1,5,0,4,4,3,4,1,0,2,3,0,2,0,4,2,2,0,2,1,4
3,5,3,4,4,5,1,0,0,0,5,5,2,5,0,4,5,1,1,3,0,4,1,5,4,4
2,0,0,1,3,0,3,0,2,3,2,0,5,0,3,3,0,5,0,0,1,0,0,4,0,1
5,5,5,5,0,0,0,0,0,0,5,5,3,3,2,5,0,5,4,4,5,4,3,5,4,1
1,0,0,1,4,3,3,3,5,4,2,2,0,3,4,1,4,5,3,4,4,2,1,4,1,1
5,4,5,5,0,0,5,1,0,0,5,5,5,0,5,5,5,4,1,2,5,5,0,5,4,5
4,5,0,3,3,4,4,0,0,4,5,5,5,0,4,3,0,5,4,2,0,4,4,5,3,4
5,5,5,5,0,2,0,0,0,3,5,5,1,1,4,5,5,5,2,4,5,5,3,5,4,5
4,5,0,1,4,1,0,0,0,1,5,5,4,0,0,3,1,5,1,2,1,4,0,5,4,4
1,2,2,1,1,0,3,0,3,5,3,5,4,0,3,2,1,5,2,0,1,1,1,5,1,4
4,5,2,1,5,3,0,3,0,0,5,5,4,4,1,4,0,5,1,1,1,5,1,5,3,4
3,4,4,3,4,2,1,0,0,0,5,5,4,0,5,0,0,4,1,2,4,5,0,5,4,5
2,1,2,0,4,5,1,3,4,5,1,5,0,0,0,2,5,5,5,0,1,1,1,5,5,5
2,1,2,0,3,3,0,4,4,5,0,1,5,0,3,1,0,5,5,1,0,1,0,3,1,1
1,3,0,2,2,1,3,4,4,5,3,5,1,1,4,2,0,5,5,5,1,3,3,4,1,1
0,0,0,1,5,0,3,1,3,2,0,3,4,0,4,3,0,4,0,4,1,2,0,2,1,1
5,5,0,5,0,0,5,0,0,4,5,5,1,2,4,5,5,5,1,5,5,5,0,5,4,5
5,5,5,5,0,0,0,2,0,0,5,5,2,1,5,5,4,5,1,5,5,5,5,1,4,4
5,5,5,5,0,3,1,0,0,3,5,5,1,5,4,5,0,1,1,4,5,5,0,5,3,5
0,1,0,1,5,1,1,1,5,1,1,4,0,0,1,4,0,5,4,1,1,2,1,2,1,1
0,0,0,1,5,5,3,0,5,0,1,4,0,0,3,2,4,5,2,4,1,3,0,3,1,1
4,5,0,0,5,3,5,0,0,3,5,5,4,0,1,2,0,1,0,4,1,5,1,5,4,2
0,1,1,1,3,2,0,0,3,5,3,3,0,0,3,2,1,0,0,0,1,3,0,0,1,0
5,4,5,5,0,0,0,0,0,0,5,5,0,0,4,5,0,1,1,4,5,5,3,0,4,0
0,1,1,1,5,0,5,4,4,4,0,4,0,0,5,1,0,5,2,4,1,2,0,5,2,4
0,1,0,1,4,1,3,0,4,5,3,3,4,0,3,1,0,5,3,4,1,2,1,2,1,0
5,5,2,2,0,2,3,0,0,0,5,5,2,0,2,5,1,5,1,3,5,5,4,5,3,0
2,0,0,0,3,1,1,1,3,5,1,5,1,0,0,3,0,5,3,4,1,1,0,2,0,1
1,3,0,1,0,2,0,4,3,2,3,4,0,0,4,1,5,4,5,4,1,2,4,5,1,2
1,3,1,1,4,4,5,2,3,0,3,4,0,0,2,2,4,5,3,4,2,3,2,5,0,2
3,5,3,3,5,5,0,0,0,0,5,5,5,0,4,2,0,3,1,4,5,5,5,5,4,2
4,5,2,1,5,5,5,2,0,3,5,5,4,0,4,4,1,5,2,3,0,5,2,5,4,5
4,5,2,3,4,5,0,0,0,0,5,5,5,0,5,2,0,2,0,2,1,5,3,2,3,4
0,0,2,1,5,1,4,0,3,3,0,0,0,1,4,2,0,5,1,0,0,3,0,2,1,0
4,4,0,1,3,1,4,0,0,0,5,5,0,0,4,2,5,4,1,0,1,5,0,5,3,4
5,5,5,1,0,5,3,0,0,0,5,5,3,2,4,5,0,5,2,3,3,5,3,5,3,1
2,0,0,1,4,1,5,3,3,3,0,5,0,0,1,4,0,1,5,1,1,1,3,3,5,3
2,0,1,0,4,3,0,3,4,5,0,5,0,0,2,2,0,4,3,4,1,0,3,0,0,2
4,5,1,0,3,0,5,0,0,2,5,5,4,3,2,2,0,5,1,3,0,5,5,5,4,0
0,1,2,1,4,0,0,0,4,2,1,4,0,0,0,4,0,5,4,4,1,2,0,3,1,4
0,1,0,0,2,3,4,0,4,2,0,0,0,0,1,3,0,0,0,4,1,2,0,0,2,1
1,1,0,1,2,1,4,4,3,2,3,4,0,3,0,2,1,5,3,0,2,2,3,4,5,1
0,1,2,0,5,0,5,3,4,5,4,0,0,0,5,1,0,4,2,4,1,3,1,2,1,1
0,2,0,1,1,0,5,1,4,0,1,4,1,1,0,5,0,4,4,4,1,3,0,5,1,0
5,5,5,5,0,5,4,0,0,0,5,0,2,0,3,5,0,5,1,0,5,5,0,1,3,0
3,5,4,0,3,0,5,2,0,0,5,5,5,0,4,4,5,1,1,0,3,5,5,5,3,1
0,0,0,1,3,5,1,0,4,0,0,3,0,3,0,4,0,5,1,4,1,3,0,2,1,2
1,1,1,1,3,0,3,4,2,2,1,5,1,0,2,1,0,4,3,4,2,2,3,5,1,1
0,1,0,0,3,0,0,4,5,3,1,4,0,0,0,3,0,4,4,4,0,2,0,2,1,1
0,1,2,0,4,0,1,1,5,0,2,0,0,0,1,1,0,5,5,0,1,3,0,4,1,1
2,0,2,1,4,2,0,4,3,3,0,5,0,0,4,2,0,5,5,0,0,1,1,5,1,1
1,3,0,1,3,1,3,4,3,0,3,4,5,0,3,2,2,5,3,0,0,3,3,5,1,1
0,0,2,1,5,2,4,0,3,2,0,1,0,1,3,2,0,2,2,0,1,2,0,2,2,1
0,0,0,0,5,0,4,0,3,4,3,4,0,0,0,2,0,5,1,0,2,3,5,2,1,0
3,4,2,4,1,5,0,2,0,0,5,5,5,0,4,0,5,3,0,0,4,5,4,5,4,1
3,5,3,0,5,0,0,5,0,0,5,5,0,0,2,1,0,4,1,0,0,4,2,5,3,2
2,0,0,1,4,2,3,4,3,5,0,2,1,3,1,2,0,5,4,0,1,0,1,2,5,1
2,0,2,0,3,0,1,4,4,5,0,5,0,0,3,2,0,2,5,4,1,1,3,5,5,2
2,5,0,1,3,0,0,4,4,5,0,0,0,0,4,2,0,5,5,0,0,2,1,0,5,1
1,3,1,2,3,1,3,2,4,2,3,5,0,0,3,3,1,5,3,4,2,1,3,5,1,0
0,0,0,0,3,2,4,0,4,4,1,4,0,1,1,5,0,4,4,0,1,2,1,2,1,4
4,5,2,0,5,1,1,5,0,0,5,5,4,0,5,3,0,4,0,2,1,5,3,5,2,1
1,3,0,2,2,1,5,4,3,1,3,3,0,0,2,0,0,0,3,0,1,2,2,4,0,1
0,1,2,1,3,0,3,1,4,2,3,3,0,0,4,4,0,5,3,4,1,2,0,2,1,0
4,4,0,2,5,4,3,0,0,4,5,5,5,3,4,4,0,5,1,3,1,5,3,4,4,4
5,5,5,5,0,0,0,0,0,0,5,5,3,0,2,5,1,2,1,5,5,4,0,5,3,0
3,5,1,3,5,5,0,5,0,0,5,5,4,0,5,2,4,5,1,4,0,5,3,5,3,1
0,2,0,1,4,2,0,0,3,5,1,4,0,0,1,1,0,5,4,2,1,3,0,2,1,1
5,5,4,5,0,5,0,0,0,0,5,5,1,2,5,5,0,5,1,3,5,5,0,5,4,2
4,5,3,0,5,3,0,5,0,4,5,5,4,0,5,2,5,3,1,3,1,5,2,5,2,0
2,0,0,1,3,0,0,4,2,4,3,5,4,0,3,5,0,5,5,0,1,0,1,5,5,3
0,1,2,1,3,0,1,0,3,0,1,3,0,0,5,2,0,5,4,4,1,3,0,0,1,1
1,4,0,1,3,2,0,4,4,3,1,5,0,0,3,2,0,5,5,4,2,0,1,5,1,1
3,5,2,0,0,5,0,2,0,0,5,5,4,0,4,3,0,4,1,1,0,5,5,5,3,4
5,5,5,0,0,0,1,2,0,0,5,5,2,0,0,5,4,3,5,3,5,5,4,5,4,0
0,1,2,1,4,0,3,1,4,1,0,3,0,0,1,4,0,5,4,0,1,3,0,5,1,1
3,5,0,0,5,2,0,5,0,3,5,5,4,0,3,3,1,2,1,0,0,5,5,3,4,5
2,0,1,1,5,0,3,4,4,3,0,4,0,3,2,4,4,5,3,0,1,1,2,0,1,1
5,5,5,5,0,5,0,0,0,0,5,5,0,5,2,5,0,5,1,0,5,5,0,5,3,4
4,5,0,0,3,5,5,3,0,5,5,5,5,0,1,2,4,3,1,2,1,5,2,2,3,0
0,0,2,1,5,1,3,0,5,5,0,3,4,0,4,3,0,2,4,0,3,2,0,2,1,0
5,5,5,5,0,1,0,3,0,3,5,5,0,0,5,5,5,2,0,4,5,5,2,5,3,4
3,5,2,3,3,0,0,1,0,0,5,4,5,1,4,3,1,1,1,3,4,5,3,4,4,4
4,5,1,1,5,4,5,0,0,1,5,5,5,0,5,3,0,2,2,0,0,4,3,0,3,2
3,5,4,1,4,0,0,2,0,0,5,5,0,3,0,2,0,2,3,3,1,5,1,5,3,5
3,5,2,4,2,0,0,0,0,0,5,5,0,5,4,5,0,5,1,2,3,5,1,5,3,0
0,1,0,0,3,5,3,0,4,0,1,3,0,0,1,5,0,5,0,4,0,2,1,4,1,0
4,5,1,0,5,3,0,0,0,3,5,4,5,0,5,2,0,5,1,2,0,5,3,5,4,0
3,5,5,0,2,5,1,0,0,0,5,5,4,0,1,4,0,5,1,0,0,5,3,5,3,4
3,5,3,4,5,5,0,0,0,0,5,5,4,0,2,5,2,5,0,4,4,5,3,5,2,4
5,5,5,5,0,0,1,5,0,3,5,5,3,1,5,5,5,5,4,4,5,5,5,5,3,1
4,5,2,1,5,2,3,2,0,0,5,5,4,4,0,4,5,5,2,0,3,5,3,5,3,5
3,4,4,0,5,4,0,0,0,3,5,5,5,0,1,2,5,5,1,3,0,5,3,5,3,1
3,5,1,4,0,4,0,0,2,0,5,5,5,0,5,2,5,5,2,0,5,5,5,5,3,1
3,5,0,4,5,0,0,0,0,3,5,5,0,0,0,2,5,5,1,4,1,5,2,5,4,4
5,5,4,5,0,1,1,0,0,3,5,5,1,4,2,5,0,5,1,3,5,4,5,5,4,2
5,5,5,5,0,5,0,0,0,0,5,5,1,2,4,5,5,5,1,4,5,5,1,5,3,1
3,5,2,3,5,0,1,5,0,0,5,5,0,0,4,3,5,2,1,4,5,5,5,4,4,5
4,5,0,0,3,3,0,0,0,0,5,5,0,0,5,3,1,4,3,1,2,5,1,5,3,5
5,4,5,5,0,1,0,0,0,4,5,5,2,0,5,5,0,2,1,2,4,5,4,5,3,5
5,5,5,5,0,5,0,3,0,0,5,5,0,5,3,5,4,5,1,2,5,4,5,0,3,4
5,5,5,5,0,1,0,0,0,0,5,3,1,1,2,5,5,5,3,4,5,4,1,5,3,4
5,5,5,5,0,1,0,0,0,0,5,5,3,1,1,5,0,5,2,4,5,5,1,5,4,4
4,5,2,0,4,0,1,0,0,0,5,5,1,0,5,2,0,4,1,3,1,5,2,4,3,4
4,5,2,3,5,4,5,0,0,5,5,5,5,0,0,1,1,4,1,0,3,5,3,4,3,0
1,1,0,1,3,1,0,4,3,5,3,5,0,0,0,2,0,4,3,5,2,2,3,5,1,1
4,5,2,0,4,0,0,0,0,0,5,5,1,0,4,4,0,5,1,2,0,4,1,5,3,0
4,4,1,1,5,1,1,0,0,4,5,5,4,1,0,3,4,5,1,0,1,5,3,0,3,4
1,0,2,1,3,3,3,4,3,5,2,4,4,0,3,1,1,5,3,4,2,2,2,5,0,1
2,0,1,0,4,2,1,4,3,1,0,5,5,0,2,5,0,5,3,4,0,0,3,2,0,2
5,5,3,5,0,0,1,0,0,0,5,5,4,0,5,5,0,0,1,1,5,4,0,5,4,2
3,5,3,0,5,5,0,1,0,0,5,5,0,0,4,4,5,2,1,0,4,5,3,5,4,1
5,5,5,5,0,2,4,1,0,0,5,5,2,0,0,5,1,5,1,4,5,5,3,5,4,4
5,4,3,5,0,5,5,0,0,0,5,5,1,5,4,5,0,5,1,4,5,5,1,5,4,5
4,4,2,0,4,0,1,0,0,3,5,5,5,0,0,1,5,5,2,3,2,5,3,4,3,0
1,3,1,1,3,4,5,4,4,2,1,4,0,1,2,1,5,5,3,4,1,2,1,5,1,2
3,5,3,0,5,0,0,2,0,3,5,5,0,0,5,3,0,5,1,0,3,4,5,4,4,0
5,3,5,5,0,5,3,5,0,3,5,5,0,0,1,5,0,5,1,3,5,5,5,3,3,4
2,0,2,0,3,0,1,4,3,0,0,0,0,0,2,2,0,2,3,0,0,1,1,0,5,1
1,1,2,1,4,1,0,4,3,5,3,3,1,5,4,2,0,5,4,4,1,2,4,5,1,1
4,4,0,0,5,0,0,1,0,0,5,5,5,0,4,2,0,5,0,0,0,5,3,4,3,0
4,5,0,3,4,3,0,0,0,0,5,5,2,0,4,3,0,5,1,3,0,5,4,4,3,1
4,5,1,0,4,3,3,0,0,0,5,5,4,0,5,3,0,4,1,4,1,5,5,0,3,4
1,1,1,2,2,1,0,4,4,5,3,5,5,0,2,2,0,5,4,4,1,1,3,5,1,1
2,3,5,1,5,1,3,3,4,5,1,3,1,0,5,3,0,5,4,0,1,0,1,3,5,1
5,5,5,5,0,3,0,0,0,3,5,5,1,1,0,5,0,3,1,1,5,4,5,5,2,0
4,5,1,0,4,0,5,0,0,0,5,4,4,0,0,2,0,5,1,3,1,5,3,5,3,4
5,5,5,5,0,1,0,1,0,0,5,5,2,2,4,5,5,5,1,5,5,5,1,2,3,0
0,1,0,0,4,0,3,0,3,4,1,0,1,0,0,3,0,5,0,4,0,3,0,2,0,0
4,5,0,0,3,2,3,0,0,5,5,5,0,3,0,5,0,2,1,1,1,4,1,5,4,4
1,2,0,2,3,3,0,1,3,0,3,4,5,0,1,2,1,5,5,0,1,1,1,5,2,2
2,1,0,1,3,3,3,2,4,5,0,5,4,3,4,2,0,5,5,0,0,0,0,2,5,2
0,0,2,0,5,2,3,0,4,3,1,3,1,3,4,3,0,5,3,0,1,1,0,2,1,0
1,1,1,1,2,0,0,3,3,4,3,4,5,1,3,1,1,5,3,0,2,2,2,5,1,2
0,0,0,1,5,0,1,4,4,0,1,4,0,0,5,2,0,5,4,4,1,3,0,5,1,0
1,3,3,1,3,2,5,4,4,2,3,3,5,0,2,2,4,5,5,0,1,2,3,5,0,1
0,0,0,0,1,0,1,0,3,3,0,0,0,0,5,2,0,5,2,4,1,2,1,2,1,0
0,1,0,1,5,0,0,0,4,0,3,4,5,0,3,3,0,5,1,0,2,3,1,1,1,1
5,5,5,5,0,4,0,0,0,1,5,5,0,0,0,5,5,5,5,0,5,5,0,0,3,4
3,4,4,0,3,5,0,2,0,3,5,5,5,2,4,2,5,5,1,0,4,5,5,5,4,1
1,1,2,2,2,0,0,3,2,3,0,3,0,0,2,2,0,5,5,4,1,1,2,0,5,2
2,0,0,1,3,4,0,0,4,2,0,2,0,0,4,4,4,4,5,0,0,2,0,2,5,1
1,0,2,2,1,1,4,1,3,3,3,5,0,0,3,2,0,5,5,2,1,1,1,4,0,0
5,5,5,5,0,5,0,1,0,0,5,4,2,3,1,5,0,5,1,0,5,5,0,1,3,1
5,4,5,5,0,0,4,2,0,3,5,5,2,0,5,5,0,5,1,4,5,4,0,4,3,4
0,1,0,0,3,1,1,1,3,2,1,3,0,0,1,2,0,2,3,0,1,2,0,2,1,0
3,5,3,3,3,5,0,5,0,3,5,5,0,3,4,1,0,5,1,2,4,5,5,5,3,0
3,4,2,4,5,2,1,0,0,0,5,5,5,4,5,1,0,5,1,4,0,5,1,5,4,0
4,4,2,1,4,2,0,0,0,5,5,5,4,3,1,2,0,5,0,0,2,5,1,1,3,0
4,5,0,0,5,0,3,5,0,0,5,5,5,0,4,4,5,5,0,2,1,5,2,5,3,5
5,4,4,5,0,5,5,3,0,0,5,5,0,1,2,5,0,5,1,3,5,4,0,2,3,5
3,5,2,0,4,0,0,0,0,0,5,5,0,0,0,2,0,4,1,4,3,5,3,5,3,4
1,3,0,1,2,3,3,1,5,5,3,5,0,0,1,1,0,5,5,4,3,1,3,2,1,4
3,4,3,4,2,0,0,0,0,0,5,5,4,2,5,1,4,5,2,2,4,5,4,5,4,2
3,5,2,1,3,5,0,5,0,0,5,5,1,1,5,4,4,5,2,0,4,5,1,5,3,4
4,4,0,0,5,1,4,5,0,0,5,5,1,0,0,3,1,5,2,3,1,5,3,5,4,5
1,3,2,1,4,4,4,4,2,2,3,5,0,3,3,1,0,4,5,0,1,1,2,5,1,1
3,5,3,0,1,5,0,0,0,0,5,5,2,5,5,1,0,5,1,1,1,5,1,5,3,4
3,5,3,3,5,5,0,0,0,0,5,5,1,3,4,5,5,4,1,5,4,5,3,5,4,1
5,5,3,5,0,0,5,3,0,3,5,5,0,1,4,5,0,5,1,2,5,4,0,5,4,0
1,2,1,1,3,0,3,4,3,5,2,4,0,0,5,2,0,5,4,0,1,2,3,4,1,1
3,5,2,0,2,1,3,0,0,0,5,5,5,2,5,5,0,5,1,1,3,5,1,3,1,1
0,0,2,0,3,0,0,0,2,5,0,3,0,0,1,4,0,5,5,0,1,2,0,4,1,4
0,1,1,1,5,1,0,1,2,4,1,5,0,0,1,2,0,5,2,1,1,1,1,2,1,1
4,4,0,1,4,1,0,5,0,3,5,5,3,4,5,2,5,5,4,2,1,5,5,5,4,4
5,5,5,5,0,0,0,0,0,0,5,5,0,1,0,5,5,1,1,0,5,5,5,5,4,1
2,0,0,0,1,1,0,4,3,5,0,2,0,0,3,2,0,2,4,4,1,2,2,3,5,2
5,4,5,5,0,0,0,0,0,0,5,5,0,0,4,5,5,5,1,0,5,5,1,5,3,4
3,5,3,1,3,3,0,5,0,0,5,5,0,0,4,2,4,5,1,4,0,5,1,5,3,0
2,1,0,1,5,5,5,4,3,2,0,5,0,0,1,4,0,5,5,0,1,2,0,4,5,2
0,0,2,1,5,0,3,1,4,3,0,4,0,0,4,4,1,5,3,4,1,2,1,2,1,0
1,3,1,1,2,3,0,4,4,3,3,5,0,0,1,2,0,5,5,0,2,2,1,5,0,2
0,0,0,0,4,0,0,1,3,4,0,5,0,0,1,2,0,0,2,4,0,2,1,2,1,1
4,5,2,1,5,5,1,0,0,1,5,5,0,0,4,2,0,5,1,0,1,5,3,5,4,0
2,0,0,0,3,3,1,4,4,5,3,5,2,0,3,2,0,5,4,0,0,2,3,0,5,1
3,4,3,5,5,2,0,5,0,0,5,5,1,0,2,4,5,5,2,1,3,5,3,5,3,0
4,5,2,1,5,1,0,0,0,5,5,5,4,0,0,2,1,5,4,0,0,5,0,4,3,4
5,5,5,4,0,1,0,0,0,4,5,5,1,3,4,5,4,5,1,4,5,4,3,0,4,1
5,5,4,5,0,0,0,0,0,0,5,5,0,1,2,5,4,5,0,0,3,4,0,1,4,0
4,5,0,1,5,0,1,5,0,0,5,5,5,3,5,4,0,5,3,2,0,5,1,5,3,0
5,5,5,5,0,0,1,0,0,0,5,5,0,2,0,5,4,5,1,3,5,5,0,5,3,1
1,3,1,1,3,2,1,4,3,3,3,5,0,0,2,1,1,5,5,4,1,1,1,4,1,4
1,3,0,1,3,3,3,1,3,1,2,3,0,4,3,1,1,5,2,0,2,2,2,5,1,1
2,0,0,1,5,0,1,3,3,5,0,5,5,0,1,1,1,5,3,0,1,0,0,0,5,1
5,5,5,5,0,5,0,5,0,0,5,5,0,0,2,5,5,5,1,4,5,5,0,5,3,1
0,2,2,1,5,1,0,1,3,5,0,4,1,0,1,1,0,0,3,4,1,3,1,4,2,0
0,0,0,1,3,0,1,1,4,5,0,5,0,0,4,2,0,5,4,0,1,2,1,2,1,1
0,0,2,0,4,1,0,0,4,2,3,4,1,0,5,1,0,0,4,4,1,1,0,2,1,0
1,2,2,1,3,2,5,0,2,3,3,4,0,0,1,2,0,0,4,4,2,2,4,5,5,2
4,4,2,2,4,3,0,1,0,3,5,5,4,0,0,4,0,5,1,2,1,5,1,2,3,4
1,1,0,1,3,1,3,4,3,4,3,5,0,0,0,2,1,5,3,4,2,3,2,4,1,1
2,0,5,1,4,1,0,3,4,3,0,5,4,3,2,4,0,5,3,0,0,0,0,4,5,2
0,0,2,0,4,1,0,1,4,1,4,4,4,0,0,4,0,5,4,2,1,3,3,5,1,1
5,5,2,0,0,0,1,5,0,4,5,5,1,0,2,5,0,5,0,3,5,5,4,5,3,4
4,4,2,0,5,4,1,0,0,4,5,5,0,0,4,3,0,5,4,2,1,5,1,5,3,2
0,0,1,0,4,1,5,3,4,5,0,0,4,0,2,2,0,5,4,4,1,1,1,2,1,1
5,5,5,5,0,0,3,0,0,3,5,5,0,0,4,5,0,5,1,4,5,5,0,5,4,5
1,1,2,2,1,0,1,3,3,5,3,5,4,0,4,2,4,5,4,0,3,2,3,5,1,1
4,5,2,0,4,1,3,0,0,3,5,5,0,0,4,2,3,5,1,5,1,4,2,5,3,4
1,0,0,1,3,1,5,4,4,3,3,4,0,5,0,2,0,4,5,4,2,1,3,4,0,1
3,5,3,0,5,0,0,0,0,0,5,5,4,5,5,2,5,5,1,0,4,5,0,5,4,4
0,2,0,0,5,0,0,0,5,0,1,4,0,0,1,4,0,5,4,0,1,3,1,2,1,1
4,5,3,0,3,2,4,0,0,3,5,5,3,1,0,2,0,5,0,0,1,5,3,5,3,4
1,3,4,2,3,0,3,2,4,3,3,5,2,0,2,2,0,5,4,4,2,3,2,4,1,2
0,0,2,1,3,5,0,1,4,3,3,5,5,0,2,3,0,2,5,0,0,3,1,2,1,4
2,1,2,0,4,2,4,0,4,5,0,2,0,0,1,3,0,5,3,0,1,0,0,3,5,1
1,3,2,1,3,1,0,0,3,5,2,5,0,0,1,1,5,5,5,0,3,2,3,5,1,1
1,1,2,1,3,2,0,1,3,2,2,5,5,0,4,2,0,5,3,4,2,2,4,5,2,2
3,5,5,0,5,5,0,0,0,0,5,4,0,0,2,2,4,5,1,3,0,5,3,0,3,1
5,5,5,5,0,0,1,2,0,3,5,5,0,1,0,5,0,1,1,0,3,5,3,5,4,0
0,0,1,0,4,0,0,1,4,0,0,5,0,3,0,2,0,5,0,0,2,1,0,4,0,0
1,3,1,1,3,2,0,3,3,5,2,3,4,5,3,1,0,5,2,4,1,3,3,5,1,2
0,1,2,1,3,0,0,0,4,4,3,4,1,0,2,4,0,5,2,0,0,3,2,5,1,4
4,5,2,1,2,2,3,0,0,2,5,5,4,3,0,2,0,5,1,2,2,5,4,5,4,4
5,4,5,3,0,2,1,3,0,0,5,5,2,0,0,5,4,2,1,3,5,5,0,5,4,0
5,5,5,5,0,5,0,0,0,0,5,5,2,0,4,5,0,5,0,5,5,5,3,3,3,0
1,2,1,1,3,0,0,3,3,0,3,5,4,0,0,1,1,5,3,5,1,1,3,5,1,2
4,5,2,0,5,3,0,2,0,0,5,5,5,2,4,3,5,5,1,4,1,5,3,5,3,0
3,5,2,4,3,0,0,0,0,0,5,5,5,5,4,2,0,5,2,0,1,5,2,5,4,0
0,1,2,1,5,0,0,1,3,3,0,3,1,0,2,3,0,5,4,4,1,2,0,2,2,0
3,5,0,5,3,1,1,0,0,0,5,5,2,0,4,1,0,2,1,1,3,5,1,5,4,0
0,1,2,3,4,0,3,0,4,1,0,0,0,0,2,2,0,5,2,0,1,1,0,3,1,4
0,0,2,1,4,0,0,4,3,0,1,4,0,0,4,5,0,5,0,0,1,2,0,4,1,4
3,5,0,5,5,5,0,0,0,0,5,5,4,0,5,3,5,5,1,4,0,5,1,5,3,1
2,0,0,1,3,0,0,0,3,5,3,4,0,3,1,2,0,5,1,4,0,2,0,2,5,1
4,5,0,1,4,0,1,0,0,3,5,5,0,0,0,3,5,5,0,2,1,5,2,0,4,4
5,4,1,5,0,0,1,5,0,0,5,5,4,0,4,5,5,5,0,3,5,5,1,2,4,3
4,5,2,0,5,0,0,0,0,0,5,5,5,0,5,2,1,5,1,2,0,5,4,4,3,1
3,4,4,5,5,1,1,3,0,0,5,5,5,0,0,5,5,0,1,3,4,5,3,5,3,0
5,5,5,4,0,0,0,3,0,0,5,5,1,0,5,5,5,0,1,4,5,4,0,5,4,2
4,4,2,1,3,1,1,0,0,0,5,2,5,0,1,4,0,5,1,2,0,4,1,5,4,0
3,5,2,4,4,0,0,1,0,0,5,5,1,2,1,4,4,2,2,2,4,5,4,4,3,1
2,0,0,1,3,0,5,3,4,3,0,4,4,3,3,3,4,5,5,4,1,0,0,2,5,2
2,1,2,1,3,2,0,2,4,5,0,5,0,0,4,3,1,2,5,0,1,0,3,1,5,1
1,3,1,1,3,4,5,4,4,5,3,4,1,0,1,2,0,5,3,4,1,1,3,5,1,1
0,0,2,1,4,2,3,1,3,1,0,3,0,0,1,2,0,5,0,0,0,2,0,4,1,0
1,1,0,1,3,4,1,2,3,1,2,5,0,0,2,1,0,5,3,4,1,2,3,4,1,0
1,3,1,0,3,1,5,5,3,4,3,5,0,1,0,1,1,5,5,4,1,2,3,4,1,0
3,5,0,5,3,5,0,2,0,3,5,5,1,4,5,2,5,5,1,0,4,5,1,5,4,0
4,5,0,0,4,2,4,0,0,4,5,5,4,0,1,2,0,4,0,4,3,4,4,4,3,4
0,1,0,0,4,0,0,2,4,3,0,3,0,0,3,2,0,5,3,4,1,2,0,2,1,1
1,3,1,1,4,0,3,2,4,2,0,5,0,0,4,1,4,0,5,4,2,2,3,5,0,2
4,5,0,0,4,5,1,0,0,3,5,5,5,0,5,3,0,5,1,2,1,5,1,5,3,0
5,5,2,5,0,0,0,0,0,0,5,5,2,1,0,5,4,2,1,3,5,3,0,5,4,5
1,2,2,1,3,2,0,2,4,4,3,5,0,0,3,2,0,5,3,4,2,2,3,5,0,2
4,5,2,0,3,0,0,1,0,3,5,5,0,0,5,3,0,5,1,4,2,5,4,1,3,1
5,5,4,5,0,5,3,3,0,0,5,5,0,2,1,5,5,5,1,0,5,4,0,5,3,0
5,5,5,5,0,3,0,0,0,0,5,5,5,3,0,5,0,3,1,3,5,5,1,5,3,2
2,1,2,1,3,1,4,0,4,5,0,5,1,0,3,3,0,5,3,0,0,2,1,4,5,3
5,5,3,5,0,0,0,0,0,3,5,5,5,0,2,5,0,5,1,2,5,5,0,5,4,5
1,3,1,1,3,0,0,4,3,3,3,3,0,0,0,2,0,5,5,4,3,2,1,4,1,1
4,5,2,1,5,0,0,0,0,0,5,5,4,0,0,2,1,4,1,0,1,5,4,4,3,5
5,5,3,5,0,1,0,0,0,0,5,5,4,0,3,5,1,5,5,4,5,5,0,5,3,5
5,5,1,5,0,0,1,3,0,0,5,5,1,0,5,5,0,5,1,4,3,5,1,5,3,1
3,5,0,0,5,5,0,0,0,0,5,5,4,1,4,2,1,5,2,0,4,5,1,4,4,3
5,5,5,5,0,5,4,0,0,0,5,5,0,0,0,5,1,1,3,4,5,5,3,5,3,0
3,5,4,3,3,5,0,1,0,0,5,5,5,0,4,5,0,4,2,0,4,5,1,4,4,4
4,5,0,0,2,3,0,0,0,3,5,3,5,2,5,2,0,4,2,0,0,5,2,4,3,0
1,3,1,1,5,3,1,4,4,3,3,4,1,0,3,0,1,5,4,0,1,1,3,5,1,1
4,4,2,0,5,2,1,2,0,0,5,5,0,0,3,5,4,5,1,1,1,5,3,5,3,4
1,3,0,1,3,3,0,4,4,5,2,4,5,0,4,1,1,5,5,4,4,2,2,4,1,1
5,5,2,5,0,2,0,3,0,0,5,3,3,5,4,5,5,5,1,0,5,5,0,4,3,5
1,1,2,2,3,2,3,0,3,2,3,5,4,0,1,2,4,5,2,4,1,2,3,4,1,0
5,5,5,5,0,0,0,0,0,0,5,5,0,0,1,5,0,2,2,2,3,5,0,5,3,5
3,5,3,3,5,5,0,3,0,0,5,5,1,3,1,1,5,4,1,4,4,5,3,4,4,5
1,3,1,1,4,1,4,4,4,3,3,3,0,0,2,2,0,5,2,4,1,2,3,5,1,1
3,5,4,2,5,3,0,0,0,0,5,5,5,0,0,4,2,4,1,3,4,5,3,5,4,3
1,2,1,3,4,0,0,2,4,3,2,5,0,3,1,1,0,5,5,4,3,2,3,5,1,1
2,2,2,1,4,2,0,2,4,5,2,0,5,3,3,3,0,5,2,0,1,0,0,4,5,4
4,5,2,0,5,2,0,1,0,0,5,5,0,0,1,4,0,5,1,4,1,4,0,5,4,1
1,3,2,1,3,1,0,1,3,1,2,4,0,0,0,4,0,5,3,0,4,2,1,5,0,2
1,3,0,1,2,2,4,4,4,0,2,5,4,1,3,2,0,5,5,4,2,2,3,4,1,1
2,1,0,1,3,3,0,4,4,5,0,5,0,0,1,5,0,2,4,0,1,0,0,0,5,2
5,4,3,5,0,5,0,0,0,1,5,5,5,1,4,5,5,1,4,4,5,5,3,5,3,2
0,2,0,1,5,5,5,1,4,1,3,3,1,0,4,2,0,5,3,0,1,3,0,5,1,4
2,0,2,1,5,1,3,4,5,5,1,2,0,0,1,3,0,5,0,0,1,1,0,2,5,2
1,3,1,2,0,1,5,4,4,3,3,4,5,0,3,1,0,5,3,2,2,2,3,5,1,0
4,4,2,1,4,4,1,0,0,0,5,5,5,0,5,5,1,4,2,3,1,5,0,4,3,2
0,1,2,0,5,0,3,0,4,1,0,4,4,0,0,2,0,5,4,0,1,3,0,2,1,1
1,1,0,2,2,3,1,3,3,2,1,4,0,0,0,3,0,5,3,0,1,1,3,4,1,1
2,0,0,1,4,5,0,0,3,5,1,5,1,0,1,3,0,5,5,0,0,2,1,2,5,2
4,4,0,0,4,5,5,5,0,0,5,5,4,0,4,2,1,5,3,4,2,5,2,2,3,4
3,5,4,0,5,5,4,0,0,4,5,5,4,0,0,0,0,1,1,4,5,5,2,5,3,4
4,5,2,0,5,0,4,2,0,0,5,5,5,3,5,5,0,5,1,0,2,5,2,5,4,4
4,5,2,1,5,0,3,0,0,4,5,5,5,0,5,4,0,2,1,0,1,5,5,5,3,1
0,1,3,3,5,1,3,4,3,0,0,5,0,0,0,2,0,5,2,4,1,2,0,2,1,1
4,5,0,0,4,4,4,0,0,4,5,5,5,0,0,5,4,5,0,0,1,4,1,0,3,4
3,5,4,0,0,5,0,0,0,3,5,5,1,0,3,2,0,0,1,2,3,5,0,5,3,0
1,2,0,1,3,0,0,3,4,2,3,4,0,0,1,1,0,5,5,0,1,3,2,5,5,4
0,0,2,3,4,0,4,0,4,0,0,0,1,0,0,3,0,5,0,0,1,3,0,1,1,0
4,5,2,0,3,0,0,0,0,0,5,5,0,0,4,5,5,2,0,3,4,5,1,2,4,5
3,5,2,0,0,1,0,0,0,0,5,3,1,0,5,0,4,1,1,1,4,4,2,5,3,4
2,0,0,0,4,2,1,4,3,5,0,5,4,0,2,3,0,5,3,0,0,0,1,3,5,1
5,4,1,5,0,1,0,0,0,0,5,5,1,0,3,5,0,5,1,1,5,4,5,5,3,4
5,5,5,5,0,1,1,0,0,4,5,5,1,1,3,5,4,5,0,4,5,5,0,5,3,3
2,0,2,1,3,5,5,4,5,4,0,5,1,1,2,3,4,2,3,0,1,0,0,4,5,1
4,4,2,0,5,2,3,0,0,0,5,5,0,0,4,3,4,5,0,4,0,5,1,4,3,2
3,5,3,0,5,0,0,0,0,0,5,5,5,0,5,5,5,5,1,0,0,5,3,5,4,1
3,5,2,5,5,5,0,0,0,0,5,5,0,0,4,3,5,5,1,3,0,5,3,2,4,5
3,5,5,3,3,5,0,0,0,0,5,5,3,1,0,2,2,5,2,3,4,5,5,5,4,0
2,0,2,1,3,4,0,4,3,5,0,0,0,0,2,2,0,5,5,0,1,2,0,0,5,2
4,4,1,1,5,1,5,0,0,4,5,5,0,0,5,2,1,5,0,3,1,5,0,5,3,4
2,0,2,0,3,1,0,0,4,3,2,5,0,0,3,4,0,5,3,0,1,0,1,2,1,1
5,4,5,5,0,1,1,0,0,0,5,5,2,0,0,5,2,5,5,4,3,5,2,0,4,5
0,0,4,1,3,0,0,0,4,3,1,3,0,0,0,3,0,5,2,4,1,2,0,2,1,1
4,5,2,0,5,2,5,0,0,2,5,5,5,1,4,3,0,5,1,4,1,5,2,3,3,0
3,5,0,3,3,1,1,0,0,1,5,5,2,5,0,2,4,5,1,0,0,5,1,0,3,0
4,5,0,1,5,4,1,0,0,3,5,5,0,2,4,3,1,5,1,0,0,5,0,5,3,0
1,1,2,0,1,2,5,1,3,1,4,4,4,0,5,0,0,5,3,0,2,2,3,5,1,1
4,4,0,0,2,2,1,1,0,0,5,5,4,0,0,2,4,4,1,0,1,5,5,5,3,0
4,5,1,1,5,0,4,0,0,0,5,5,1,0,0,2,0,5,1,4,1,5,3,5,3,4
5,5,5,5,0,5,5,5,0,3,5,5,2,0,0,5,0,5,2,5,3,4,0,5,4,5
3,5,3,0,4,0,0,0,0,0,5,3,0,1,4,0,0,5,3,4,4,5,1,2,4,1
5,5,5,5,0,1,0,3,0,3,5,5,4,2,0,5,0,5,1,0,1,5,3,0,3,5
2,0,0,1,3,0,0,4,5,5,0,5,4,3,0,4,4,5,3,0,0,1,2,5,0,2
3,5,3,4,3,0,0,0,0,3,5,5,3,0,0,5,1,1,1,4,3,4,3,5,2,1
0,0,0,0,3,1,3,0,3,3,0,0,0,3,5,2,0,5,0,4,1,2,1,2,1,0
2,1,0,1,4,2,0,4,3,5,2,5,0,0,2,4,0,5,3,0,1,1,1,1,0,2
5,4,3,5,0,5,3,3,0,0,5,5,1,1,4,5,0,5,1,0,5,5,1,5,4,4
3,5,3,0,0,0,1,0,0,1,5,5,0,0,3,4,0,1,1,1,1,5,4,5,4,2
2,0,0,0,3,1,0,4,4,5,0,5,4,0,1,2,5,5,3,1,0,5,1,3,5,1
5,4,1,5,0,5,1,0,0,3,5,5,5,0,2,5,0,3,1,5,3,5,5,5,3,5
5,5,5,5,0,1,0,0,0,3,5,5,1,1,4,5,4,4,4,2,5,5,5,0,3,1
0,1,2,1,4,4,0,1,4,3,3,3,0,0,4,4,0,5,2,0,1,3,0,2,0,0
5,5,5,5,0,0,5,0,0,3,5,5,2,0,2,5,1,5,1,4,5,4,4,5,4,0
5,5,3,5,0,0,0,0,0,0,5,5,0,2,0,5,0,5,1,4,5,5,1,4,4,1
3,5,3,3,5,0,0,0,0,0,5,5,0,0,4,2,5,5,0,5,0,5,1,5,3,0
5,5,5,5,0,0,0,5,0,3,5,0,4,1,4,5,0,5,1,5,5,4,4,3,4,5
5,4,3,5,0,2,1,0,0,0,5,5,1,0,0,5,4,5,1,4,5,4,2,5,3,5
5,5,2,5,0,2,0,5,0,3,5,5,3,1,4,5,0,5,1,2,5,4,1,5,3,5
3,5,5,0,3,0,0,2,0,3,5,5,4,3,4,0,1,5,1,2,3,4,1,5,4,2
4,5,0,0,5,2,0,0,0,4,5,5,5,0,4,4,0,5,4,2,1,5,3,5,4,0
1,3,1,1,3,1,0,0,3,5,3,5,0,0,1,2,0,5,3,0,1,1,3,5,0,1
5,5,5,4,0,0,0,3,0,0,5,4,4,0,5,5,0,2,5,3,5,5,0,5,3,0
0,0,0,1,5,1,1,4,3,1,0,0,0,0,2,4,0,5,3,0,1,2,1,2,0,4
3,5,0,0,4,2,0,1,0,0,5,5,5,2,4,2,0,5,1,4,4,5,5,5,3,4
3,5,2,5,3,3,0,5,0,0,5,5,0,5,1,4,0,5,0,4,0,5,5,5,3,3
0,1,1,1,4,1,1,0,4,1,2,4,4,0,2,2,0,5,4,4,1,2,1,2,1,0
4,4,0,0,3,3,0,0,0,0,5,5,1,0,5,4,0,4,0,2,1,5,4,5,3,4
0,1,2,1,3,2,3,0,4,0,0,5,0,0,4,3,0,2,3,4,1,3,0,2,0,4
4,4,2,1,2,0,0,0,0,1,5,5,1,4,4,4,1,5,1,2,1,5,1,5,4,0
4,5,0,0,5,5,1,0,0,1,5,5,5,3,5,2,0,5,1,3,0,5,3,0,4,4
5,5,5,5,0,0,0,3,0,0,5,5,1,0,0,5,4,5,1,2,5,4,1,5,3,0
5,4,3,5,0,0,0,0,0,0,5,5,0,2,4,5,1,4,0,0,5,4,4,5,3,4
2,0,2,0,3,0,1,3,3,3,2,5,0,0,1,3,0,4,3,0,1,0,2,0,5,2
5,5,5,5,0,5,0,0,0,0,5,5,4,0,4,5,0,5,1,0,5,4,0,5,4,3
5,5,5,5,0,0,0,0,0,1,5,5,2,0,4,5,5,5,0,0,5,4,1,5,4,0
5,5,5,5,0,0,0,3,0,0,5,5,2,1,4,5,0,5,5,0,5,4,0,5,3,5
4,4,2,0,3,0,0,5,0,2,5,2,4,0,0,2,0,2,0,3,1,5,4,4,4,5
2,0,0,1,2,1,3,4,4,3,0,5,0,0,1,2,0,5,2,0,2,0,1,2,5,2
2,0,0,0,4,1,0,4,3,4,0,5,4,0,4,4,1,4,3,0,1,0,1,4,5,2
4,5,2,1,4,3,3,5,0,0,5,5,4,0,4,4,4,5,2,2,1,4,5,5,3,0
4,5,1,0,3,2,5,5,0,4,5,5,1,0,5,3,0,4,0,0,0,5,2,5,3,0
5,5,5,5,0,0,0,2,2,5,5,5,1,0,4,5,0,3,1,3,5,5,0,5,3,4
0,1,3,1,4,1,1,4,4,1,0,3,0,0,5,2,0,5,4,4,2,3,0,4,1,0
3,5,0,3,3,0,0,0,0,0,5,5,5,2,5,3,5,5,2,2,3,5,4,5,4,4
2,0,2,1,4,0,5,4,3,4,2,5,4,0,2,3,0,2,3,1,1,1,0,2,0,1
4,5,0,1,5,1,4,0,0,3,5,5,5,0,5,2,0,2,1,2,1,5,3,4,3,4
2,0,0,1,3,0,3,4,3,3,0,5,0,0,1,2,0,5,5,0,1,0,2,2,5,2
3,5,2,0,5,0,1,0,0,0,5,5,4,0,4,0,5,2,1,0,4,4,0,5,3,1
3,5,5,4,3,0,0,0,0,0,5,5,4,0,4,2,4,5,1,0,4,5,0,5,3,4
3,5,0,0,3,5,0,0,0,0,5,5,0,5,1,1,4,5,1,2,1,5,3,5,4,0
3,4,1,3,4,0,0,0,0,0,5,5,5,0,0,1,0,0,0,3,0,5,5,5,4,3
2,0,2,1,4,2,1,3,2,5,0,5,5,0,0,3,0,2,4,0,1,0,0,0,0,5
5,5,5,5,1,3,3,0,0,0,5,5,5,0,1,5,4,5,1,1,5,5,3,1,3,5
5,5,1,5,0,0,0,0,0,0,5,5,3,0,4,5,5,5,1,0,5,5,1,5,3,5
0,1,2,1,4,1,0,0,4,4,0,4,0,3,1,2,0,4,3,4,0,3,1,2,1,0
3,5,1,3,5,5,1,0,0,0,5,5,4,1,0,4,0,5,3,3,4,5,5,5,3,0
5,5,5,5,0,4,0,0,0,0,5,5,1,1,4,5,2,4,1,3,5,4,5,5,2,1
1,3,2,1,2,1,5,2,5,4,3,5,0,0,1,1,4,5,3,5,2,2,4,4,1,1
4,4,2,0,5,5,1,0,0,0,5,5,0,4,5,4,0,5,1,0,3,5,4,2,4,0
3,4,2,0,3,5,0,5,0,3,5,5,1,3,4,2,4,4,1,2,3,5,3,5,3,5
0,0,2,1,4,0,1,0,4,3,1,0,0,0,0,2,0,5,0,0,1,3,1,0,1,0
4,5,3,1,5,4,0,0,0,4,5,5,4,0,5,3,1,5,1,3,1,5,2,5,3,4
3,5,0,3,4,0,0,0,0,0,5,5,4,4,5,5,1,0,1,0,4,5,2,5,3,2
4,5,3,0,4,3,0,5,0,0,5,5,1,0,5,3,2,1,1,3,0,5,1,0,3,0
4,5,1,1,5,1,0,0,0,5,5,5,1,1,1,1,0,4,1,4,1,5,2,5,3,5
4,4,2,0,5,1,5,0,0,0,5,5,0,3,4,3,0,1,4,3,1,5,4,5,3,5
4,4,2,0,3,1,0,0,0,3,5,5,0,0,5,2,0,5,1,0,1,5,3,5,3,0
1,0,0,3,3,0,3,3,3,2,3,4,0,0,3,2,1,5,3,0,1,2,2,5,0,0
1,4,0,1,3,1,3,4,3,0,4,5,0,4,1,2,0,3,5,0,4,2,3,5,1,1
4,5,2,1,5,0,0,0,0,0,5,5,1,1,4,3,0,3,0,0,3,4,2,5,3,0
5,5,5,5,0,4,4,0,0,3,5,5,0,0,5,5,1,2,0,0,5,5,5,4,4,5
5,4,5,5,0,0,0,0,0,0,5,5,0,0,0,5,0,5,1,3,5,5,4,5,3,5
4,4,0,2,5,0,5,0,0,0,5,5,5,5,4,2,0,4,0,0,1,5,2,4,3,4
0,2,2,0,4,1,0,2,4,5,0,0,0,0,2,3,0,5,5,2,1,2,0,5,1,4
3,5,3,4,3,5,0,0,0,3,5,5,5,1,5,1,5,5,1,0,4,5,5,5,4,2
2,1,1,1,3,0,0,0,4,2,0,5,0,3,1,3,0,5,5,0,1,0,0,0,5,3
0,0,0,0,5,0,0,4,4,2,1,0,1,0,4,4,4,5,0,4,1,3,0,2,1,0
1,2,0,1,3,3,0,2,3,2,3,4,4,3,2,1,0,5,5,0,2,1,3,5,0,0
2,1,0,1,3,1,0,3,3,2,1,5,4,0,3,3,0,2,5,0,0,2,1,4,0,2
5,4,5,5,0,1,0,0,0,3,5,5,0,1,4,5,4,5,1,1,5,4,0,5,4,1
4,5,2,1,5,0,3,0,0,0,5,5,2,0,5,5,0,5,2,2,1,5,3,5,3,4
0,0,1,0,3,1,0,1,4,3,0,1,0,0,4,3,5,2,2,2,1,2,0,2,1,4
5,5,5,5,0,3,0,5,0,0,5,1,0,0,0,5,0,5,1,0,5,5,0,0,3,1
5,5,2,5,0,0,4,0,0,3,5,5,0,0,1,5,0,5,3,0,5,4,1,5,3,5
5,5,2,5,0,1,4,5,0,0,5,5,3,1,4,5,4,5,1,0,5,4,0,2,4,5
2,0,0,0,3,2,0,3,4,5,3,2,1,0,0,3,0,0,3,0,0,1,1,0,5,1
2,0,0,1,3,2,1,3,3,1,0,5,0,0,4,3,0,5,5,0,1,1,2,2,5,0
4,5,2,0,5,1,0,0,0,0,5,2,5,0,5,4,1,5,1,3,0,5,3,5,3,0
2,1,1,1,3,1,5,4,3,5,3,5,0,3,3,2,4,5,5,4,1,1,2,2,5,2
3,5,3,3,0,0,0,5,0,0,5,5,0,4,4,3,5,2,1,0,5,5,0,5,3,2
1,3,2,3,2,2,0,0,3,5,3,5,1,0,0,1,0,5,3,0,4,1,3,5,1,1
5,5,5,5,0,0,4,0,0,4,5,5,2,3,4,5,4,5,1,1,5,4,0,0,3,0
5,4,2,5,0,1,0,5,0,1,5,5,5,2,4,5,0,5,1,1,5,4,5,5,4,5
1,3,0,3,3,0,3,0,2,0,3,3,4,0,3,1,4,5,5,4,2,3,3,5,1,4
4,4,2,1,3,5,5,5,0,4,5,5,5,0,5,2,4,5,1,2,1,5,2,5,4,4
0,1,0,1,3,1,5,0,3,0,2,3,0,0,4,4,0,5,2,4,1,2,0,1,1,0
5,5,5,2,0,0,0,0,0,3,5,0,0,1,4,5,5,5,0,2,5,5,1,0,4,0
4,5,0,1,3,4,3,0,0,0,5,3,1,0,5,1,0,5,1,0,1,5,3,5,4,4
3,4,0,5,3,1,1,0,0,3,5,4,1,0,4,4,0,5,1,0,4,5,1,4,4,0
5,5,5,5,0,3,0,3,0,0,5,5,1,0,0,5,2,2,0,0,5,4,0,5,4,5
4,5,0,0,5,2,5,1,0,4,5,5,4,0,1,4,0,4,0,4,0,5,2,5,3,1
1,2,1,1,3,3,4,4,4,5,1,5,0,0,0,1,0,5,5,0,1,1,2,5,5,0
1,3,0,1,3,1,1,4,3,1,2,5,0,3,4,2,0,5,5,4,1,3,3,5,1,2
5,4,3,4,0,0,1,2,2,0,5,5,4,1,4,5,1,5,5,1,5,4,2,2,4,5
3,5,3,4,5,0,0,5,0,0,5,5,0,0,4,4,5,5,1,4,4,5,4,3,4,1
5,5,5,5,0,1,0,0,0,3,5,5,0,0,4,5,5,5,1,4,4,4,3,0,4,5
2,0,0,1,3,0,1,4,3,2,1,5,0,3,2,4,0,5,5,0,0,0,1,5,0,3
3,5,5,3,0,0,0,1,0,0,5,5,0,1,4,4,5,5,1,0,0,5,0,4,3,1
1,2,1,1,3,3,0,4,4,3,3,5,0,0,1,2,0,0,0,4,2,3,2,5,1,1
5,5,3,5,0,0,0,0,0,0,5,5,0,4,5,5,5,5,1,0,5,5,3,5,4,1
5,5,5,4,3,2,0,3,2,3,5,5,2,3,4,5,0,1,0,0,5,5,1,5,3,4
2,0,0,0,1,5,0,4,4,5,1,5,5,0,1,2,0,2,4,0,0,0,1,5,5,2
4,5,3,0,5,2,4,0,0,3,5,5,4,0,5,5,0,5,2,3,1,5,3,4,3,0
1,0,1,1,2,1,0,0,2,3,2,5,5,3,3,3,1,5,3,0,2,2,3,5,1,0
5,5,5,5,0,5,0,5,0,0,5,5,1,0,5,5,1,5,0,3,1,5,0,5,4,5
0,1,1,3,4,0,5,0,4,2,1,0,1,0,0,3,0,5,4,4,0,3,0,2,1,1
0,1,0,1,3,0,0,0,4,1,0,0,4,0,1,1,0,5,3,4,0,2,0,2,1,1
4,5,0,2,4,3,3,0,0,2,5,3,4,0,4,2,0,5,0,0,1,5,4,5,3,4
3,4,2,0,3,0,1,5,0,0,5,5,1,0,1,2,4,5,1,4,4,5,1,5,4,5
4,5,0,2,5,0,5,0,0,0,5,5,5,4,4,3,0,5,0,0,3,5,1,5,4,2
1,2,0,1,1,1,4,4,4,2,0,5,1,3,1,2,1,5,5,0,2,2,3,4,1,2
0,0,1,3,3,5,5,4,4,1,0,4,1,0,2,3,0,5,0,4,1,2,2,3,1,0
3,5,1,3,4,5,0,0,0,0,5,5,4,0,4,1,0,2,1,2,3,4,5,5,3,2
4,5,4,1,5,2,1,0,0,2,5,5,3,0,5,2,0,4,1,2,0,5,0,5,3,1
5,5,5,5,0,5,5,0,0,0,5,0,3,1,5,5,0,5,1,0,5,4,1,4,3,5
3,5,4,4,3,5,0,0,0,1,5,5,1,0,5,5,0,5,2,2,4,4,5,5,4,0
3,5,2,5,3,5,1,0,0,0,5,5,5,0,5,4,5,5,3,3,5,5,1,5,4,1
5,5,5,5,0,5,0,0,0,0,5,5,1,1,5,5,5,5,0,0,5,5,1,5,3,1
0,0,0,0,3,0,1,1,5,5,0,4,0,0,2,2,0,5,2,0,2,2,0,2,1,0
5,4,1,5,0,5,0,0,0,3,5,5,0,0,1,5,5,5,4,4,5,5,2,5,4,5
4,5,1,0,3,0,0,0,0,3,5,5,0,4,4,3,0,5,1,4,1,5,2,3,3,1
5,5,5,5,0,5,0,0,0,0,5,1,1,0,1,5,1,5,1,4,5,4,0,5,3,4
4,5,2,1,3,1,3,0,0,3,5,5,2,0,5,2,0,5,0,0,1,5,1,5,4,5
0,0,0,1,5,1,1,1,4,0,1,4,0,0,4,4,0,5,1,4,1,3,0,2,1,1
5,5,5,5,0,0,0,5,0,3,5,5,1,0,4,5,5,5,1,4,5,5,0,5,4,1
3,4,2,4,3,0,0,0,0,0,5,5,5,0,0,2,3,2,1,2,0,5,1,5,2,0
3,4,0,4,3,5,0,5,0,0,5,5,0,3,0,2,2,5,1,1,4,5,3,5,2,2
0,1,0,0,3,2,1,1,4,3,3,5,0,1,4,2,0,5,0,0,0,3,0,2,1,1
4,4,0,4,3,0,0,0,0,1,5,5,5,0,4,2,1,2,0,3,1,5,1,5,3,1
0,0,2,1,4,5,0,0,4,1,0,4,0,0,5,2,0,5,3,0,1,3,0,4,1,1
0,0,2,1,4,1,0,1,3,3,0,4,0,0,3,1,0,5,5,0,1,3,0,2,1,1
4,5,0,1,5,1,0,0,0,0,5,0,5,0,4,1,0,3,2,3,0,4,0,5,3,5
2,1,2,0,4,0,1,3,4,0,3,0,5,0,3,4,0,5,3,4,1,1,3,3,5,2
1,1,1,1,2,2,0,4,3,5,3,5,4,0,0,1,0,5,5,4,2,1,2,5,0,2
2,0,0,1,4,1,3,4,4,4,1,3,4,0,2,2,0,4,4,0,0,0,3,3,5,1
5,5,5,4,0,1,1,0,0,3,5,5,1,0,0,5,0,4,1,4,5,4,0,5,4,1
3,5,3,3,3,5,0,2,0,0,5,4,4,0,4,2,0,5,1,0,4,5,5,5,3,1
4,5,2,1,5,1,3,3,0,0,5,5,2,0,4,5,0,5,1,2,4,5,1,4,4,1
4,5,2,3,3,5,5,0,0,0,5,5,2,1,0,5,4,5,0,3,2,5,1,5,3,0
2,0,0,1,3,0,0,4,4,3,3,5,0,0,3,3,0,5,4,0,0,1,0,3,5,3
5,0,4,4,0,2,0,5,0,3,5,5,2,3,0,5,5,5,1,5,5,5,0,4,4,5
2,0,2,1,3,0,0,4,3,2,3,5,0,0,1,4,0,5,5,1,1,2,1,0,5,0
0,1,0,1,4,1,0,0,4,4,2,0,1,0,1,4,0,5,4,4,1,3,0,5,1,4
4,4,2,0,3,2,0,5,0,3,5,5,0,0,4,2,0,3,5,2,1,4,3,5,3,0
5,5,5,5,0,3,0,0,0,0,5,5,5,0,5,5,0,5,4,3,5,5,2,5,3,5
2,0,2,0,3,0,0,4,3,3,2,5,0,0,2,3,0,5,3,0,0,1,2,4,5,2
3,5,4,0,0,0,0,5,0,1,5,1,4,0,5,3,5,5,1,2,5,5,3,5,4,2
4,5,2,1,4,3,3,0,0,5,5,5,4,3,0,3,1,4,1,4,4,5,0,0,4,4
2,0,2,1,3,2,0,4,3,5,0,5,4,0,1,3,4,2,5,0,0,0,1,5,5,1
2,0,2,1,3,0,5,4,3,4,0,0,4,0,2,3,0,5,4,4,1,0,0,2,5,1
3,4,3,5,1,1,0,0,0,0,5,5,0,2,1,4,0,5,2,0,0,5,5,5,3,4
4,5,2,0,3,0,0,0,0,0,5,5,5,3,0,2,1,4,1,0,2,5,1,2,4,1
0,2,0,1,5,0,1,0,5,0,1,3,0,0,2,4,0,0,2,4,1,3,0,2,1,0
3,5,3,4,3,0,1,0,0,0,5,0,5,0,0,1,0,5,0,4,4,5,5,5,4,3
4,5,2,1,5,2,0,0,0,0,5,3,2,5,1,2,4,4,0,2,1,5,5,5,3,0
1,1,0,3,3,3,5,2,4,0,1,5,0,0,3,3,0,5,5,4,1,2,3,5,1,2
5,5,5,5,0,0,0,0,0,0,5,5,0,0,2,5,2,1,0,2,5,5,2,0,2,4
4,5,0,3,5,0,3,0,0,4,5,5,5,0,3,4,2,5,1,1,4,5,3,4,3,1
5,5,3,5,0,5,0,0,0,0,5,2,3,0,4,5,1,1,1,0,5,4,1,5,4,0
3,5,4,3,2,5,0,0,0,0,5,5,0,0,2,4,0,5,2,0,4,5,4,5,3,1
5,5,3,5,0,0,0,3,0,0,5,5,0,3,0,5,5,2,2,4,2,4,5,0,3,1
0,0,0,3,3,0,0,3,4,3,1,3,0,0,3,2,0,1,5,0,0,2,0,0,1,0
5,5,3,5,0,3,0,2,0,0,5,5,2,0,4,5,5,5,3,3,5,5,5,5,4,4
2,0,2,1,4,3,5,4,3,4,0,5,4,0,3,4,1,5,4,4,0,2,0,3,5,2
4,4,2,0,3,2,0,1,0,2,5,5,4,0,1,3,0,0,0,0,0,5,2,5,3,4
4,5,1,0,5,1,3,5,0,5,5,4,5,0,4,1,5,5,1,0,3,5,1,2,3,4
4,5,2,1,5,0,1,5,0,0,5,5,5,0,0,4,0,5,4,3,1,5,4,5,3,4
4,5,1,0,5,3,5,0,0,0,5,5,4,1,5,3,4,5,0,3,1,5,1,5,3,2
1,3,2,1,3,1,4,2,3,5,3,5,0,0,0,3,2,5,5,2,1,2,3,5,1,3
5,5,5,4,0,5,0,3,0,0,5,1,1,0,4,5,0,5,0,0,5,5,0,0,3,4
4,5,2,1,5,3,5,0,0,0,5,5,0,3,5,5,0,1,1,5,1,4,4,5,3,1
1,3,2,1,3,0,3,3,4,2,3,4,4,1,3,2,0,5,4,0,4,3,4,5,0,1
4,4,2,0,5,2,5,0,0,4,5,5,4,0,4,5,1,5,0,1,1,5,3,5,4,4
0,1,2,0,5,1,1,1,4,1,0,3,0,0,1,2,0,5,1,0,1,3,5,2,1,0
5,5,4,5,0,0,0,0,0,3,5,5,1,5,5,5,0,0,1,2,5,5,0,5,3,5
5,5,5,5,0,5,0,5,0,0,5,5,5,2,4,5,1,5,1,4,5,4,1,5,4,4
3,5,2,4,2,5,3,0,0,0,5,3,5,0,5,5,4,1,0,3,0,5,1,5,3,0
4,4,2,0,3,1,0,1,0,1,5,5,5,0,3,2,5,5,1,2,1,5,3,4,3,5
3,5,4,0,5,0,1,2,0,0,5,5,0,4,4,5,0,4,1,5,4,5,5,5,3,0
5,5,5,5,0,5,0,0,0,3,5,5,5,0,4,5,0,5,1,4,5,5,0,0,3,5
3,4,0,4,5,0,0,0,0,0,5,5,4,5,5,2,0,5,0,0,0,5,1,5,3,1
5,5,5,5,0,0,0,2,0,0,5,5,2,2,4,5,1,5,1,0,3,5,0,5,3,5
5,5,5,5,0,5,5,2,0,0,5,5,1,2,4,5,0,5,1,4,5,4,3,5,3,5
0,0,0,0,3,2,0,0,3,2,0,0,0,0,1,2,5,0,1,4,1,2,0,2,1,0
5,5,5,5,0,0,0,5,0,1,5,0,4,2,0,5,2,5,3,1,5,5,0,5,3,5
0,0,2,1,4,0,5,0,5,3,1,4,0,0,1,2,0,5,0,0,1,2,0,3,2,0
1,0,2,1,2,1,0,4,3,3,3,5,5,0,2,1,0,5,5,4,2,2,1,5,0,4
5,5,5,4,0,0,3,0,0,0,4,5,3,2,5,5,4,5,5,0,5,5,3,0,4,5
1,3,2,1,3,1,5,0,3,4,1,5,0,0,0,0,1,5,2,4,1,2,0,5,1,2
4,4,2,0,4,0,1,0,0,0,5,4,0,3,4,4,0,4,0,0,3,5,3,5,1,4
0,0,0,4,3,0,3,1,4,5,0,3,5,0,2,2,0,5,3,4,2,3,0,2,1,0
3,5,2,3,2,0,4,0,0,1,5,5,4,0,1,5,0,2,1,3,4,5,2,5,4,4
0,3,0,1,5,1,0,0,4,4,1,4,4,0,2,4,0,5,5,0,2,3,0,2,2,4
1,0,0,2,3,3,0,4,3,0,3,5,0,0,0,2,1,5,5,4,2,3,1,4,1,1
1,2,1,1,1,0,5,4,4,5,0,4,0,1,2,1,5,5,5,0,3,3,3,5,0,1
0,1,2,0,4,0,3,1,4,0,0,4,0,0,4,2,0,0,2,0,1,2,1,2,1,0
0,0,2,0,4,1,5,0,4,5,1,0,4,0,1,4,0,4,2,4,2,1,0,5,1,1
4,4,1,1,3,2,1,0,0,3,5,5,0,0,1,4,0,5,2,0,0,5,3,5,3,5
1,0,0,1,0,5,3,4,3,3,3,4,0,3,5,1,1,5,3,4,1,2,3,5,1,1
5,4,5,5,0,0,0,3,0,1,5,4,1,1,0,5,1,5,1,1,3,4,0,5,4,4
3,5,3,0,3,3,1,1,0,3,5,5,0,0,4,4,5,5,1,0,0,5,1,5,3,1
3,5,3,0,0,1,0,0,0,0,5,5,4,0,0,5,1,5,1,3,3,5,0,5,4,1
0,1,2,1,5,1,4,0,4,0,3,5,4,3,4,1,1,5,0,4,2,2,1,2,1,0
0,0,2,1,3,2,0,1,5,0,0,3,0,0,1,2,0,2,4,2,3,0,1,4,2,1
0,0,1,0,3,0,3,0,3,1,3,4,0,0,4,3,1,4,0,0,1,3,0,3,2,0
2,0,4,0,3,1,1,3,5,5,1,5,0,0,1,3,0,5,5,4,2,0,0,2,5,2
3,5,3,4,3,5,0,0,0,3,5,5,5,5,0,0,0,5,0,0,4,5,5,2,3,1
4,5,0,2,3,1,3,5,0,0,5,5,5,0,4,2,1,5,1,4,1,5,3,5,4,5
1,1,2,1,3,3,1,0,3,2,3,5,0,1,1,2,0,5,5,4,1,2,1,4,1,2
0,0,2,1,5,1,3,0,5,4,1,5,0,0,1,2,0,5,1,4,1,3,1,2,1,1
1,3,2,1,3,2,1,4,3,4,3,5,0,0,2,2,4,5,2,0,3,2,3,5,1,4
0,0,0,1,4,0,1,4,5,0,0,0,1,0,2,2,0,5,4,4,3,3,2,5,1,4
2,0,0,1,3,1,3,4,3,2,0,5,1,0,2,2,0,5,5,0,0,1,2,0,0,1
5,5,5,5,0,1,0,0,0,0,5,5,0,1,0,5,4,5,1,4,4,5,5,5,4,3
5,5,5,5,0,0,0,5,0,0,5,5,1,0,4,5,4,5,2,0,5,5,3,5,2,3
1,2,2,1,2,2,0,5,3,3,3,4,0,0,1,0,1,5,5,0,1,2,3,5,1,0
5,5,5,5,0,0,0,0,0,0,5,5,0,0,5,5,0,5,1,0,5,4,1,5,4,0
1,1,2,1,2,2,5,5,3,5,3,4,4,0,4,2,1,5,3,1,4,1,4,5,1,2
0,0,2,0,5,2,3,0,5,0,0,3,0,0,2,2,0,5,0,0,1,3,0,2,2,2
3,4,5,0,3,5,1,0,0,0,5,5,5,3,4,2,1,5,1,2,4,5,5,5,4,2
5,5,5,5,0,1,3,5,0,0,5,4,0,0,4,5,0,5,1,3,5,5,4,2,3,5
2,0,2,1,3,3,1,0,4,2,0,0,4,0,1,3,0,5,2,0,0,1,1,0,5,3
4,5,0,3,5,4,0,5,0,0,5,5,1,3,5,2,1,3,1,4,1,5,4,5,4,5
5,5,5,0,0,4,0,3,0,0,5,5,4,0,4,5,4,5,1,1,5,5,5,4,3,4
4,4,2,0,5,3,3,0,0,0,5,5,0,0,4,3,5,4,2,0,0,5,1,5,3,4
4,5,2,0,5,0,5,0,0,3,5,5,5,0,4,2,1,3,2,3,2,0,3,5,4,5
1,3,2,1,3,5,5,4,3,2,1,4,0,0,2,1,0,5,5,4,1,2,3,5,1,0
4,4,2,0,4,1,0,5,0,3,5,5,2,3,0,5,0,5,0,0,1,4,1,4,4,5
3,5,0,0,3,2,0,0,0,2,5,5,5,0,4,0,0,4,3,0,4,5,1,5,4,1
0,2,1,1,1,0,0,1,4,5,1,3,0,0,4,2,0,4,4,0,1,2,3,2,1,0
4,5,1,1,3,5,1,1,0,0,5,5,1,0,1,3,4,4,1,1,1,5,3,5,4,4
0,0,0,0,3,1,3,0,3,0,3,4,0,0,1,1,0,0,1,4,2,3,5,2,1,1
1,3,1,1,3,0,3,4,3,5,3,4,0,1,4,2,0,4,3,0,2,2,3,0,1,1
3,5,3,4,0,0,1,5,0,0,5,5,0,3,5,1,4,2,3,0,0,5,3,5,3,1
2,0,0,1,2,1,1,4,3,5,0,0,0,0,3,5,0,5,5,0,1,0,0,5,5,1
1,3,0,1,3,2,3,4,4,2,0,4,0,1,1,1,0,5,3,4,1,1,3,3,0,4
0,2,2,0,2,1,3,0,3,5,3,0,4,0,2,2,0,5,5,0,1,3,0,0,1,0
3,5,0,3,0,0,0,1,0,0,5,5,4,0,0,4,0,2,1,3,0,4,1,4,4,0
1,1,1,1,3,3,3,4,4,0,3,5,4,4,4,2,0,5,4,4,2,1,4,5,1,1
2,0,2,3,3,2,5,4,4,0,0,1,1,0,2,2,4,2,4,0,1,0,1,3,5,1
1,2,1,1,3,2,3,0,2,3,3,3,1,0,1,2,0,5,5,4,2,1,2,5,1,0
5,5,5,5,0,2,0,5,0,0,5,5,5,0,1,5,1,5,1,4,5,4,3,5,4,5
0,1,0,0,5,1,0,0,4,1,0,0,1,0,1,2,0,5,2,2,1,3,0,3,1,0
0,2,0,0,4,2,0,0,5,3,0,5,0,0,0,1,0,4,5,4,1,3,2,1,1,1
5,5,2,5,0,0,0,5,0,3,5,5,1,1,4,5,5,5,1,2,5,4,5,5,3,4
4,5,2,1,4,5,3,0,0,0,5,5,5,3,1,2,1,5,1,3,0,5,5,5,4,4
2,1,0,1,3,3,0,4,4,5,0,4,0,0,0,4,0,1,5,4,0,1,0,5,5,2
3,5,3,4,2,0,0,0,0,3,5,5,2,0,0,2,5,3,0,3,1,5,1,4,4,1
2,1,0,0,4,2,4,4,4,5,1,5,4,0,2,1,0,5,4,1,2,1,1,0,5,2
4,4,2,0,4,0,3,5,0,2,5,5,4,0,4,2,0,5,0,5,4,5,3,2,3,5
0,1,2,0,5,0,3,0,4,1,3,0,4,0,1,2,4,5,2,0,1,3,0,2,1,0
2,0,1,1,3,0,5,4,4,1,0,5,1,0,1,1,0,5,4,4,2,0,1,0,5,1
0,0,0,0,3,0,5,0,3,3,2,3,4,0,1,1,0,2,4,4,1,2,1,2,1,4
5,5,5,5,0,0,0,0,0,0,5,0,1,0,0,5,0,5,1,4,5,4,3,5,3,1
1,0,5,2,3,2,1,0,3,4,1,5,0,5,3,0,0,5,3,4,1,3,3,5,1,1
3,5,0,4,5,5,1,0,0,0,5,5,5,0,2,4,0,4,1,4,4,5,1,4,4,4
5,5,5,5,0,5,5,0,0,0,5,5,3,0,4,5,5,5,5,3,5,5,1,0,3,5
5,5,5,5,0,0,0,5,0,3,5,5,1,0,2,5,4,2,1,0,5,4,0,5,3,3
0,3,0,0,5,1,0,0,5,4,0,4,0,0,1,1,0,5,4,0,1,2,1,2,1,1
0,0,2,0,3,0,0,1,3,0,1,4,1,0,3,1,0,4,2,4,1,2,1,2,1,1
4,4,2,1,5,0,0,0,0,3,5,5,4,0,5,2,0,5,0,3,1,5,2,4,4,5
3,5,5,5,3,0,4,1,0,0,5,5,0,0,4,5,5,5,2,3,4,5,0,5,3,3
5,5,5,0,0,0,0,0,0,0,5,4,5,0,4,5,0,5,4,1,5,5,4,2,4,4
5,5,5,5,0,0,3,2,0,0,5,5,0,0,4,5,5,5,1,4,4,4,0,4,3,4
5,5,2,3,0,0,0,0,0,3,5,5,3,1,4,5,1,4,1,4,5,5,1,5,3,4
4,5,2,3,3,1,0,0,0,0,5,5,4,0,5,2,0,5,1,3,1,5,2,5,3,5
1,1,1,2,3,0,1,3,5,3,4,5,0,0,0,2,0,4,3,0,2,1,3,5,1,1
4,4,2,0,3,4,1,2,0,2,5,2,0,3,5,3,2,5,1,2,2,5,2,0,3,4
5,5,5,5,0,5,0,0,0,0,5,5,1,0,5,5,0,5,1,4,5,5,1,5,3,0
3,5,2,3,0,5,0,0,0,0,5,5,2,5,1,2,0,2,1,3,0,5,0,5,4,4
1,2,1,3,2,0,3,4,0,3,0,3,1,0,4,2,0,5,4,0,3,2,3,5,1,1
3,5,2,3,5,0,0,0,0,0,5,5,0,4,4,3,1,3,1,0,4,5,3,1,3,4
3,5,0,5,2,5,4,0,0,0,5,5,1,5,0,4,5,4,3,0,4,5,5,0,3,2
4,4,2,2,4,3,5,0,0,0,5,5,1,5,5,2,0,5,0,2,1,5,3,5,4,5
3,5,3,0,3,0,1,0,0,4,5,5,5,0,5,4,1,5,0,2,3,5,4,5,3,0
3,5,5,4,0,2,4,0,0,3,5,5,1,4,5,2,0,5,1,4,3,5,1,5,4,2
0,1,2,1,3,1,0,1,4,5,3,3,0,0,0,3,0,5,1,2,1,3,0,2,1,0
0,0,2,1,5,1,0,4,5,0,0,1,4,0,4,2,0,4,4,4,1,2,0,2,0,0
1,3,2,1,3,1,0,4,3,1,2,4,5,0,2,2,0,2,3,0,2,1,3,0,0,1
3,5,2,0,5,0,0,0,0,0,5,5,4,0,5,2,5,5,4,5,0,5,3,0,4,1
1,1,1,1,3,1,1,4,4,4,3,4,1,0,1,2,4,2,5,0,2,1,3,3,1,1
2,1,0,1,4,0,3,0,4,4,1,5,4,0,2,3,1,2,5,0,1,0,0,4,5,2
3,5,1,3,3,0,1,0,0,0,5,5,0,0,5,1,0,5,1,3,3,5,1,5,3,3
0,2,2,1,3,1,0,1,3,2,1,4,0,0,4,2,0,5,2,0,1,3,2,2,1,4
4,5,0,0,2,2,1,0,0,3,5,5,0,0,5,2,0,2,0,2,1,4,3,5,4,1
0,1,0,1,4,0,0,4,3,4,0,4,0,3,3,3,0,5,0,4,1,2,1,5,1,0
5,5,5,5,0,0,0,2,0,0,5,5,2,0,2,5,5,2,2,0,5,4,0,2,3,5
2,1,0,1,3,0,0,4,3,5,0,4,4,3,4,3,0,2,3,0,1,2,1,5,5,0
4,4,2,1,5,0,0,0,0,0,5,5,4,4,1,3,4,5,0,0,1,5,1,5,3,4
3,5,3,3,5,5,0,0,0,3,5,5,5,0,5,1,4,1,1,0,5,5,4,5,4,2
4,4,2,0,5,2,1,0,0,3,5,5,0,1,3,4,0,5,1,4,0,5,1,3,3,3
1,1,3,1,3,0,0,4,3,2,3,0,1,0,0,2,4,5,5,4,2,1,1,4,1,0
5,4,3,5,0,0,0,0,0,4,5,5,3,5,5,5,0,5,1,0,5,5,2,1,3,0
5,5,4,2,0,0,0,0,0,0,5,5,1,4,4,5,5,5,5,0,3,5,3,5,3,1
3,5,2,4,5,5,0,0,0,0,5,5,0,3,5,4,1,1,1,4,0,5,1,1,4,1
0,0,0,0,5,5,0,0,5,3,0,4,4,0,0,3,0,5,2,4,1,2,0,4,1,1
3,5,3,3,0,1,0,2,0,3,5,5,5,3,4,4,0,5,1,0,4,5,5,5,3,0
0,1,2,0,5,1,0,1,4,5,0,0,1,0,4,2,4,5,3,4,1,3,1,5,1,4
2,1,2,0,4,2,1,4,4,5,1,5,0,0,3,3,1,2,5,4,1,2,0,3,5,1
0,1,0,0,3,0,5,1,3,5,2,5,0,0,0,2,0,4,3,4,1,3,1,2,2,0
2,0,2,3,2,2,4,0,4,3,0,5,1,0,2,3,0,5,3,0,1,2,2,4,5,1
5,5,5,5,0,2,0,3,0,0,5,5,5,0,4,5,0,5,0,2,3,5,0,5,4,5
3,5,3,3,5,5,3,0,0,0,5,5,5,1,4,5,1,5,0,1,0,5,1,5,4,2
5,4,5,5,0,5,5,3,0,0,5,5,0,1,5,5,5,5,1,4,5,4,5,1,4,0
1,2,1,1,3,3,0,0,3,2,3,5,0,0,5,2,0,5,0,0,3,1,3,5,1,4
1,0,1,1,3,3,5,1,3,0,3,4,1,1,2,2,0,5,3,0,3,1,2,5,0,1
5,4,3,5,0,1,4,3,0,5,5,5,2,0,1,5,1,5,1,4,5,5,1,5,3,5
3,5,5,4,3,5,0,0,0,0,5,5,0,0,5,1,1,4,1,3,0,5,1,5,3,2
5,5,5,5,0,0,1,5,0,0,5,5,3,0,1,5,5,5,1,2,5,5,1,5,4,4
0,2,0,0,5,0,3,0,3,1,0,3,1,0,2,3,0,5,4,1,2,3,1,5,1,0
2,0,0,0,4,1,5,3,4,3,0,4,0,0,1,5,0,5,5,0,2,1,0,2,5,3
3,5,2,0,5,1,1,0,0,0,5,5,0,4,5,4,0,3,1,3,5,5,5,5,3,0
1,0,3,1,2,0,0,4,4,3,2,4,0,0,4,1,1,5,3,4,2,1,3,5,0,1
5,5,5,2,0,3,0,5,0,0,5,5,0,0,4,5,5,5,1,0,5,4,1,5,4,5
4,4,0,1,4,1,5,0,0,0,5,5,0,0,4,1,4,5,0,3,0,5,3,5,3,0
0,0,0,0,4,1,3,1,5,3,1,0,5,0,0,3,0,5,5,4,2,2,1,2,1,0
4,4,0,0,5,4,0,5,0,0,5,4,5,0,4,3,5,5,1,0,0,5,2,5,4,4
4,5,0,0,5,2,5,0,0,4,5,4,1,0,5,3,5,4,0,3,1,4,3,5,4,4
3,5,5,0,0,1,0,2,0,0,5,5,1,0,1,4,4,4,0,0,4,5,1,4,3,3
4,5,0,3,5,0,1,0,0,0,5,5,5,0,5,2,5,3,1,3,1,5,0,5,3,1
2,1,1,0,3,0,3,0,4,5,0,5,1,0,3,1,0,5,4,0,1,1,3,2,0,1
4,5,0,0,5,4,0,0,0,0,5,5,2,0,5,3,0,4,0,0,1,5,2,5,3,1
